pwsid,status,source_date,contribution_date,date_processed
NC0102010,held,2022-11-01,2022-11-01,2023-06-06
NC0102015,held,2022-11-01,2022-11-01,2023-06-06
NC0102020,held,2022-11-01,2022-11-01,2023-06-06
NC0102104,held,2022-11-01,2022-11-01,2023-06-06
NC0102106,held,2022-11-01,2022-11-01,2023-06-06
NC0102127,held,2022-11-01,2022-11-01,2023-06-06
NC0102129,held,2022-11-01,2022-11-01,2023-06-06
NC0103010,held,2022-11-01,2022-11-01,2023-06-06
NC0103102,held,2022-11-01,2022-11-01,2023-06-06
NC0103104,held,2022-11-01,2022-11-01,2023-06-06
NC0103106,held,2022-11-01,2022-11-01,2023-06-06
NC0105010,held,2022-11-01,2022-11-01,2023-06-06
NC0105015,held,2022-11-01,2022-11-01,2023-06-06
NC0105020,held,2022-11-01,2022-11-01,2023-06-06
NC0105103,held,2022-11-01,2022-11-01,2023-06-06
NC0105104,held,2022-11-01,2022-11-01,2023-06-06
NC0105107,held,2022-11-01,2022-11-01,2023-06-06
NC0105108,held,2022-11-01,2022-11-01,2023-06-06
NC0105432,held,2022-11-01,2022-11-01,2023-06-06
NC0106010,held,2022-11-01,2022-11-01,2023-06-06
NC0106015,held,2022-11-01,2022-11-01,2023-06-06
NC0106020,held,2022-11-01,2022-11-01,2023-06-06
NC0106025,held,2022-11-01,2022-11-01,2023-06-06
NC0106104,held,2022-11-01,2022-11-01,2023-06-06
NC0106105,held,2022-11-01,2022-11-01,2023-06-06
NC0106107,held,2022-11-01,2022-11-01,2023-06-06
NC0106108,held,2022-11-01,2022-11-01,2023-06-06
NC0106114,held,2022-11-01,2022-11-01,2023-06-06
NC0106116,held,2022-11-01,2022-11-01,2023-06-06
NC0106117,held,2022-11-01,2022-11-01,2023-06-06
NC0106118,held,2022-11-01,2022-11-01,2023-06-06
NC0106119,held,2022-11-01,2022-11-01,2023-06-06
NC0106124,held,2022-11-01,2022-11-01,2023-06-06
NC0106422,held,2022-11-01,2022-11-01,2023-06-06
NC0111015,held,2022-11-01,2022-11-01,2023-06-06
NC0111020,held,2022-11-01,2022-11-01,2023-06-06
NC0111025,held,2022-11-01,2022-11-01,2023-06-06
NC0111030,held,2022-11-01,2022-11-01,2023-06-06
NC0111102,held,2022-11-01,2022-11-01,2023-06-06
NC0111104,held,2022-11-01,2022-11-01,2023-06-06
NC0111108,held,2022-11-01,2022-11-01,2023-06-06
NC0111118,held,2022-11-01,2022-11-01,2023-06-06
NC0111125,held,2022-11-01,2022-11-01,2023-06-06
NC0111127,held,2022-11-01,2022-11-01,2023-06-06
NC0111130,held,2022-11-01,2022-11-01,2023-06-06
NC0111134,held,2022-11-01,2022-11-01,2023-06-06
NC0111137,held,2022-11-01,2022-11-01,2023-06-06
NC0111139,held,2022-11-01,2022-11-01,2023-06-06
NC0111142,held,2022-11-01,2022-11-01,2023-06-06
NC0111146,held,2022-11-01,2022-11-01,2023-06-06
NC0111147,held,2022-11-01,2022-11-01,2023-06-06
NC0111148,held,2022-11-01,2022-11-01,2023-06-06
NC0111149,held,2022-11-01,2022-11-01,2023-06-06
NC0111150,held,2022-11-01,2022-11-01,2023-06-06
NC0111151,held,2022-11-01,2022-11-01,2023-06-06
NC0111152,held,2022-11-01,2022-11-01,2023-06-06
NC0111154,held,2022-11-01,2022-11-01,2023-06-06
NC0111156,held,2022-11-01,2022-11-01,2023-06-06
NC0111157,held,2022-11-01,2022-11-01,2023-06-06
NC0111161,held,2022-11-01,2022-11-01,2023-06-06
NC0111169,held,2022-11-01,2022-11-01,2023-06-06
NC0111171,held,2022-11-01,2022-11-01,2023-06-06
NC0111446,held,2022-11-01,2022-11-01,2023-06-06
NC0111484,held,2022-11-01,2022-11-01,2023-06-06
NC0111487,held,2022-11-01,2022-11-01,2023-06-06
NC0112010,held,2022-11-01,2022-11-01,2023-06-06
NC0112045,held,2022-11-01,2022-11-01,2023-06-06
NC0112055,held,2022-11-01,2022-11-01,2023-06-06
NC0112060,held,2022-11-01,2022-11-01,2023-06-06
NC0112065,held,2022-11-01,2022-11-01,2023-06-06
NC0112075,held,2022-11-01,2022-11-01,2023-06-06
NC0112080,held,2022-11-01,2022-11-01,2023-06-06
NC0112103,held,2022-11-01,2022-11-01,2023-06-06
NC0112104,held,2022-11-01,2022-11-01,2023-06-06
NC0112109,held,2022-11-01,2022-11-01,2023-06-06
NC0112133,held,2022-11-01,2022-11-01,2023-06-06
NC0112144,held,2022-11-01,2022-11-01,2023-06-06
NC0112148,held,2022-11-01,2022-11-01,2023-06-06
NC0112426,held,2022-11-01,2022-11-01,2023-06-06
NC0113020,held,2022-11-01,2022-11-01,2023-06-06
NC0113025,held,2022-11-01,2022-11-01,2023-06-06
NC0113126,held,2022-11-01,2022-11-01,2023-06-06
NC0113129,held,2022-11-01,2022-11-01,2023-06-06
NC0113135,held,2022-11-01,2022-11-01,2023-06-06
NC0113136,held,2022-11-01,2022-11-01,2023-06-06
NC0113141,held,2022-11-01,2022-11-01,2023-06-06
NC0113142,held,2022-11-01,2022-11-01,2023-06-06
NC0113146,held,2022-11-01,2022-11-01,2023-06-06
NC0113148,held,2022-11-01,2022-11-01,2023-06-06
NC0113149,held,2022-11-01,2022-11-01,2023-06-06
NC0113158,held,2022-11-01,2022-11-01,2023-06-06
NC0113159,held,2022-11-01,2022-11-01,2023-06-06
NC0113163,held,2022-11-01,2022-11-01,2023-06-06
NC0113165,held,2022-11-01,2022-11-01,2023-06-06
NC0113168,held,2022-11-01,2022-11-01,2023-06-06
NC0113181,held,2022-11-01,2022-11-01,2023-06-06
NC0113183,held,2022-11-01,2022-11-01,2023-06-06
NC0113188,held,2022-11-01,2022-11-01,2023-06-06
NC0113190,held,2022-11-01,2022-11-01,2023-06-06
NC0113191,held,2022-11-01,2022-11-01,2023-06-06
NC0113192,held,2022-11-01,2022-11-01,2023-06-06
NC0113193,held,2022-11-01,2022-11-01,2023-06-06
NC0113200,held,2022-11-01,2022-11-01,2023-06-06
NC0113209,held,2022-11-01,2022-11-01,2023-06-06
NC0113214,held,2022-11-01,2022-11-01,2023-06-06
NC0113216,held,2022-11-01,2022-11-01,2023-06-06
NC0113217,held,2022-11-01,2022-11-01,2023-06-06
NC0113219,held,2022-11-01,2022-11-01,2023-06-06
NC0113220,held,2022-11-01,2022-11-01,2023-06-06
NC0113221,held,2022-11-01,2022-11-01,2023-06-06
NC0113231,held,2022-11-01,2022-11-01,2023-06-06
NC0113232,held,2022-11-01,2022-11-01,2023-06-06
NC0114010,held,2022-11-01,2022-11-01,2023-06-06
NC0114025,held,2022-11-01,2022-11-01,2023-06-06
NC0114030,held,2022-11-01,2022-11-01,2023-06-06
NC0114035,held,2022-11-01,2022-11-01,2023-06-06
NC0114040,held,2022-11-01,2022-11-01,2023-06-06
NC0114045,held,2022-11-01,2022-11-01,2023-06-06
NC0114047,held,2022-11-01,2022-11-01,2023-06-06
NC0114048,held,2022-11-01,2022-11-01,2023-06-06
NC0114107,held,2022-11-01,2022-11-01,2023-06-06
NC0114114,held,2022-11-01,2022-11-01,2023-06-06
NC0114459,held,2022-11-01,2022-11-01,2023-06-06
NC0118020,held,2022-11-01,2022-11-01,2023-06-06
NC0118025,held,2022-11-01,2022-11-01,2023-06-06
NC0118030,held,2022-11-01,2022-11-01,2023-06-06
NC0118035,held,2022-11-01,2022-11-01,2023-06-06
NC0118040,held,2022-11-01,2022-11-01,2023-06-06
NC0118101,held,2022-11-01,2022-11-01,2023-06-06
NC0118103,held,2022-11-01,2022-11-01,2023-06-06
NC0118105,held,2022-11-01,2022-11-01,2023-06-06
NC0118108,held,2022-11-01,2022-11-01,2023-06-06
NC0118112,held,2022-11-01,2022-11-01,2023-06-06
NC0118118,held,2022-11-01,2022-11-01,2023-06-06
NC0118122,held,2022-11-01,2022-11-01,2023-06-06
NC0118126,held,2022-11-01,2022-11-01,2023-06-06
NC0118130,held,2022-11-01,2022-11-01,2023-06-06
NC0118135,held,2022-11-01,2022-11-01,2023-06-06
NC0118139,held,2022-11-01,2022-11-01,2023-06-06
NC0118140,held,2022-11-01,2022-11-01,2023-06-06
NC0118142,held,2022-11-01,2022-11-01,2023-06-06
NC0118151,held,2022-11-01,2022-11-01,2023-06-06
NC0118155,held,2022-11-01,2022-11-01,2023-06-06
NC0118160,held,2022-11-01,2022-11-01,2023-06-06
NC0118164,held,2022-11-01,2022-11-01,2023-06-06
NC0118165,held,2022-11-01,2022-11-01,2023-06-06
NC0118166,held,2022-11-01,2022-11-01,2023-06-06
NC0118168,held,2022-11-01,2022-11-01,2023-06-06
NC0118171,held,2022-11-01,2022-11-01,2023-06-06
NC0118173,held,2022-11-01,2022-11-01,2023-06-06
NC0118179,held,2022-11-01,2022-11-01,2023-06-06
NC0118182,held,2022-11-01,2022-11-01,2023-06-06
NC0118186,held,2022-11-01,2022-11-01,2023-06-06
NC0118187,held,2022-11-01,2022-11-01,2023-06-06
NC0118238,held,2022-11-01,2022-11-01,2023-06-06
NC0118241,held,2022-11-01,2022-11-01,2023-06-06
NC0118242,held,2022-11-01,2022-11-01,2023-06-06
NC0118245,held,2022-11-01,2022-11-01,2023-06-06
NC0118246,held,2022-11-01,2022-11-01,2023-06-06
NC0118247,held,2022-11-01,2022-11-01,2023-06-06
NC0118248,held,2022-11-01,2022-11-01,2023-06-06
NC0118250,held,2022-11-01,2022-11-01,2023-06-06
NC0118251,held,2022-11-01,2022-11-01,2023-06-06
NC0118253,held,2022-11-01,2022-11-01,2023-06-06
NC0118254,held,2022-11-01,2022-11-01,2023-06-06
NC0118255,held,2022-11-01,2022-11-01,2023-06-06
NC0118256,held,2022-11-01,2022-11-01,2023-06-06
NC0118258,held,2022-11-01,2022-11-01,2023-06-06
NC0118264,held,2022-11-01,2022-11-01,2023-06-06
NC0118268,held,2022-11-01,2022-11-01,2023-06-06
NC0118269,held,2022-11-01,2022-11-01,2023-06-06
NC0118271,held,2022-11-01,2022-11-01,2023-06-06
NC0118272,held,2022-11-01,2022-11-01,2023-06-06
NC0118273,held,2022-11-01,2022-11-01,2023-06-06
NC0118274,held,2022-11-01,2022-11-01,2023-06-06
NC0118275,held,2022-11-01,2022-11-01,2023-06-06
NC0118279,held,2022-11-01,2022-11-01,2023-06-06
NC0118280,held,2022-11-01,2022-11-01,2023-06-06
NC0118282,held,2022-11-01,2022-11-01,2023-06-06
NC0118283,held,2022-11-01,2022-11-01,2023-06-06
NC0118284,held,2022-11-01,2022-11-01,2023-06-06
NC0118287,held,2022-11-01,2022-11-01,2023-06-06
NC0118288,held,2022-11-01,2022-11-01,2023-06-06
NC0118289,held,2022-11-01,2022-11-01,2023-06-06
NC0118290,held,2022-11-01,2022-11-01,2023-06-06
NC0118291,held,2022-11-01,2022-11-01,2023-06-06
NC0118293,held,2022-11-01,2022-11-01,2023-06-06
NC0118295,held,2022-11-01,2022-11-01,2023-06-06
NC0118296,held,2022-11-01,2022-11-01,2023-06-06
NC0118304,held,2022-11-01,2022-11-01,2023-06-06
NC0118305,held,2022-11-01,2022-11-01,2023-06-06
NC0118306,held,2022-11-01,2022-11-01,2023-06-06
NC0118307,held,2022-11-01,2022-11-01,2023-06-06
NC0118315,held,2022-11-01,2022-11-01,2023-06-06
NC0118316,held,2022-11-01,2022-11-01,2023-06-06
NC0118320,held,2022-11-01,2022-11-01,2023-06-06
NC0118467,held,2022-11-01,2022-11-01,2023-06-06
NC0118612,held,2022-11-01,2022-11-01,2023-06-06
NC0120010,held,2022-11-01,2022-11-01,2023-06-06
NC0120020,held,2022-11-01,2022-11-01,2023-06-06
NC0120025,held,2022-11-01,2022-11-01,2023-06-06
NC0120103,held,2022-11-01,2022-11-01,2023-06-06
NC0120109,held,2022-11-01,2022-11-01,2023-06-06
NC0122010,held,2022-11-01,2022-11-01,2023-06-06
NC0122101,held,2022-11-01,2022-11-01,2023-06-06
NC0123010,held,2022-11-01,2022-11-01,2023-06-06
NC0123020,held,2022-11-01,2022-11-01,2023-06-06
NC0123025,held,2022-11-01,2022-11-01,2023-06-06
NC0123030,held,2022-11-01,2022-11-01,2023-06-06
NC0123035,held,2022-11-01,2022-11-01,2023-06-06
NC0123045,held,2022-11-01,2022-11-01,2023-06-06
NC0136015,held,2022-11-01,2022-11-01,2023-06-06
NC0136020,held,2022-11-01,2022-11-01,2023-06-06
NC0136025,held,2022-11-01,2022-11-01,2023-06-06
NC0136030,held,2022-11-01,2022-11-01,2023-06-06
NC0136034,held,2022-11-01,2022-11-01,2023-06-06
NC0136035,held,2022-11-01,2022-11-01,2023-06-06
NC0136045,held,2022-11-01,2022-11-01,2023-06-06
NC0136055,held,2022-11-01,2022-11-01,2023-06-06
NC0136060,held,2022-11-01,2022-11-01,2023-06-06
NC0136065,held,2022-11-01,2022-11-01,2023-06-06
NC0136075,held,2022-11-01,2022-11-01,2023-06-06
NC0136102,held,2022-11-01,2022-11-01,2023-06-06
NC0136103,held,2022-11-01,2022-11-01,2023-06-06
NC0136104,held,2022-11-01,2022-11-01,2023-06-06
NC0136106,held,2022-11-01,2022-11-01,2023-06-06
NC0136107,held,2022-11-01,2022-11-01,2023-06-06
NC0136108,held,2022-11-01,2022-11-01,2023-06-06
NC0136111,held,2022-11-01,2022-11-01,2023-06-06
NC0136112,held,2022-11-01,2022-11-01,2023-06-06
NC0136114,held,2022-11-01,2022-11-01,2023-06-06
NC0136115,held,2022-11-01,2022-11-01,2023-06-06
NC0136122,held,2022-11-01,2022-11-01,2023-06-06
NC0136124,held,2022-11-01,2022-11-01,2023-06-06
NC0136128,held,2022-11-01,2022-11-01,2023-06-06
NC0136133,held,2022-11-01,2022-11-01,2023-06-06
NC0136135,held,2022-11-01,2022-11-01,2023-06-06
NC0136138,held,2022-11-01,2022-11-01,2023-06-06
NC0136139,held,2022-11-01,2022-11-01,2023-06-06
NC0136146,held,2022-11-01,2022-11-01,2023-06-06
NC0136148,held,2022-11-01,2022-11-01,2023-06-06
NC0136151,held,2022-11-01,2022-11-01,2023-06-06
NC0136154,held,2022-11-01,2022-11-01,2023-06-06
NC0136155,held,2022-11-01,2022-11-01,2023-06-06
NC0136163,held,2022-11-01,2022-11-01,2023-06-06
NC0136164,held,2022-11-01,2022-11-01,2023-06-06
NC0136165,held,2022-11-01,2022-11-01,2023-06-06
NC0136167,held,2022-11-01,2022-11-01,2023-06-06
NC0136168,held,2022-11-01,2022-11-01,2023-06-06
NC0136170,held,2022-11-01,2022-11-01,2023-06-06
NC0136176,held,2022-11-01,2022-11-01,2023-06-06
NC0136178,held,2022-11-01,2022-11-01,2023-06-06
NC0136182,held,2022-11-01,2022-11-01,2023-06-06
NC0136184,held,2022-11-01,2022-11-01,2023-06-06
NC0136189,held,2022-11-01,2022-11-01,2023-06-06
NC0136190,held,2022-11-01,2022-11-01,2023-06-06
NC0136191,held,2022-11-01,2022-11-01,2023-06-06
NC0136192,held,2022-11-01,2022-11-01,2023-06-06
NC0136193,held,2022-11-01,2022-11-01,2023-06-06
NC0136198,held,2022-11-01,2022-11-01,2023-06-06
NC0136199,held,2022-11-01,2022-11-01,2023-06-06
NC0136204,held,2022-11-01,2022-11-01,2023-06-06
NC0136205,held,2022-11-01,2022-11-01,2023-06-06
NC0136208,held,2022-11-01,2022-11-01,2023-06-06
NC0136211,held,2022-11-01,2022-11-01,2023-06-06
NC0136214,held,2022-11-01,2022-11-01,2023-06-06
NC0136219,held,2022-11-01,2022-11-01,2023-06-06
NC0136220,held,2022-11-01,2022-11-01,2023-06-06
NC0136222,held,2022-11-01,2022-11-01,2023-06-06
NC0136225,held,2022-11-01,2022-11-01,2023-06-06
NC0136227,held,2022-11-01,2022-11-01,2023-06-06
NC0136231,held,2022-11-01,2022-11-01,2023-06-06
NC0136237,held,2022-11-01,2022-11-01,2023-06-06
NC0136239,held,2022-11-01,2022-11-01,2023-06-06
NC0136241,held,2022-11-01,2022-11-01,2023-06-06
NC0136242,held,2022-11-01,2022-11-01,2023-06-06
NC0136243,held,2022-11-01,2022-11-01,2023-06-06
NC0136244,held,2022-11-01,2022-11-01,2023-06-06
NC0136249,held,2022-11-01,2022-11-01,2023-06-06
NC0136250,held,2022-11-01,2022-11-01,2023-06-06
NC0136252,held,2022-11-01,2022-11-01,2023-06-06
NC0136255,held,2022-11-01,2022-11-01,2023-06-06
NC0136261,held,2022-11-01,2022-11-01,2023-06-06
NC0136262,held,2022-11-01,2022-11-01,2023-06-06
NC0136267,held,2022-11-01,2022-11-01,2023-06-06
NC0136268,held,2022-11-01,2022-11-01,2023-06-06
NC0136283,held,2022-11-01,2022-11-01,2023-06-06
NC0136286,held,2022-11-01,2022-11-01,2023-06-06
NC0136287,held,2022-11-01,2022-11-01,2023-06-06
NC0136290,held,2022-11-01,2022-11-01,2023-06-06
NC0136291,held,2022-11-01,2022-11-01,2023-06-06
NC0136293,held,2022-11-01,2022-11-01,2023-06-06
NC0136294,held,2022-11-01,2022-11-01,2023-06-06
NC0136300,held,2022-11-01,2022-11-01,2023-06-06
NC0136303,held,2022-11-01,2022-11-01,2023-06-06
NC0136304,held,2022-11-01,2022-11-01,2023-06-06
NC0136312,held,2022-11-01,2022-11-01,2023-06-06
NC0136313,held,2022-11-01,2022-11-01,2023-06-06
NC0136320,held,2022-11-01,2022-11-01,2023-06-06
NC0136324,held,2022-11-01,2022-11-01,2023-06-06
NC0136329,held,2022-11-01,2022-11-01,2023-06-06
NC0136335,held,2022-11-01,2022-11-01,2023-06-06
NC0136336,held,2022-11-01,2022-11-01,2023-06-06
NC0136337,held,2022-11-01,2022-11-01,2023-06-06
NC0136338,held,2022-11-01,2022-11-01,2023-06-06
NC0136339,held,2022-11-01,2022-11-01,2023-06-06
NC0136342,held,2022-11-01,2022-11-01,2023-06-06
NC0136345,held,2022-11-01,2022-11-01,2023-06-06
NC0136346,held,2022-11-01,2022-11-01,2023-06-06
NC0136347,held,2022-11-01,2022-11-01,2023-06-06
NC0136351,held,2022-11-01,2022-11-01,2023-06-06
NC0136352,held,2022-11-01,2022-11-01,2023-06-06
NC0136353,held,2022-11-01,2022-11-01,2023-06-06
NC0136354,held,2022-11-01,2022-11-01,2023-06-06
NC0136355,held,2022-11-01,2022-11-01,2023-06-06
NC0136356,held,2022-11-01,2022-11-01,2023-06-06
NC0136357,held,2022-11-01,2022-11-01,2023-06-06
NC0136358,held,2022-11-01,2022-11-01,2023-06-06
NC0136359,held,2022-11-01,2022-11-01,2023-06-06
NC0136360,held,2022-11-01,2022-11-01,2023-06-06
NC0136362,held,2022-11-01,2022-11-01,2023-06-06
NC0136363,held,2022-11-01,2022-11-01,2023-06-06
NC0136364,held,2022-11-01,2022-11-01,2023-06-06
NC0136367,held,2022-11-01,2022-11-01,2023-06-06
NC0136372,held,2022-11-01,2022-11-01,2023-06-06
NC0136373,held,2022-11-01,2022-11-01,2023-06-06
NC0136378,held,2022-11-01,2022-11-01,2023-06-06
NC0136380,held,2022-11-01,2022-11-01,2023-06-06
NC0136384,held,2022-11-01,2022-11-01,2023-06-06
NC0136385,held,2022-11-01,2022-11-01,2023-06-06
NC0136386,held,2022-11-01,2022-11-01,2023-06-06
NC0136389,held,2022-11-01,2022-11-01,2023-06-06
NC0136396,held,2022-11-01,2022-11-01,2023-06-06
NC0136397,held,2022-11-01,2022-11-01,2023-06-06
NC0136519,held,2022-11-01,2022-11-01,2023-06-06
NC0138010,held,2022-11-01,2022-11-01,2023-06-06
NC0138101,held,2022-11-01,2022-11-01,2023-06-06
NC0138103,held,2022-11-01,2022-11-01,2023-06-06
NC0138105,held,2022-11-01,2022-11-01,2023-06-06
NC0138106,held,2022-11-01,2022-11-01,2023-06-06
NC0138107,held,2022-11-01,2022-11-01,2023-06-06
NC0144010,held,2022-11-01,2022-11-01,2023-06-06
NC0144015,held,2022-11-01,2022-11-01,2023-06-06
NC0144025,held,2022-11-01,2022-11-01,2023-06-06
NC0144035,held,2022-11-01,2022-11-01,2023-06-06
NC0144040,held,2022-11-01,2022-11-01,2023-06-06
NC0144107,held,2022-11-01,2022-11-01,2023-06-06
NC0144113,held,2022-11-01,2022-11-01,2023-06-06
NC0144489,held,2022-11-01,2022-11-01,2023-06-06
NC0145111,held,2022-11-01,2022-11-01,2023-06-06
NC0145113,held,2022-11-01,2022-11-01,2023-06-06
NC0145115,held,2022-11-01,2022-11-01,2023-06-06
NC0145127,held,2022-11-01,2022-11-01,2023-06-06
NC0145129,held,2022-11-01,2022-11-01,2023-06-06
NC0145135,held,2022-11-01,2022-11-01,2023-06-06
NC0145140,held,2022-11-01,2022-11-01,2023-06-06
NC0145142,held,2022-11-01,2022-11-01,2023-06-06
NC0145143,held,2022-11-01,2022-11-01,2023-06-06
NC0145144,held,2022-11-01,2022-11-01,2023-06-06
NC0145147,held,2022-11-01,2022-11-01,2023-06-06
NC0145148,held,2022-11-01,2022-11-01,2023-06-06
NC0145149,held,2022-11-01,2022-11-01,2023-06-06
NC0145150,held,2022-11-01,2022-11-01,2023-06-06
NC0145151,held,2022-11-01,2022-11-01,2023-06-06
NC0145155,held,2022-11-01,2022-11-01,2023-06-06
NC0145156,held,2022-11-01,2022-11-01,2023-06-06
NC0145157,held,2022-11-01,2022-11-01,2023-06-06
NC0145160,held,2022-11-01,2022-11-01,2023-06-06
NC0145161,held,2022-11-01,2022-11-01,2023-06-06
NC0145162,held,2022-11-01,2022-11-01,2023-06-06
NC0145167,held,2022-11-01,2022-11-01,2023-06-06
NC0145169,held,2022-11-01,2022-11-01,2023-06-06
NC0145171,held,2022-11-01,2022-11-01,2023-06-06
NC0145172,held,2022-11-01,2022-11-01,2023-06-06
NC0145178,held,2022-11-01,2022-11-01,2023-06-06
NC0145420,held,2022-11-01,2022-11-01,2023-06-06
NC0149025,held,2022-11-01,2022-11-01,2023-06-06
NC0149030,held,2022-11-01,2022-11-01,2023-06-06
NC0149104,held,2022-11-01,2022-11-01,2023-06-06
NC0149106,held,2022-11-01,2022-11-01,2023-06-06
NC0149108,held,2022-11-01,2022-11-01,2023-06-06
NC0149113,held,2022-11-01,2022-11-01,2023-06-06
NC0149117,held,2022-11-01,2022-11-01,2023-06-06
NC0149118,held,2022-11-01,2022-11-01,2023-06-06
NC0149123,held,2022-11-01,2022-11-01,2023-06-06
NC0149124,held,2022-11-01,2022-11-01,2023-06-06
NC0149125,held,2022-11-01,2022-11-01,2023-06-06
NC0149128,held,2022-11-01,2022-11-01,2023-06-06
NC0149131,held,2022-11-01,2022-11-01,2023-06-06
NC0149133,held,2022-11-01,2022-11-01,2023-06-06
NC0149134,held,2022-11-01,2022-11-01,2023-06-06
NC0149138,held,2022-11-01,2022-11-01,2023-06-06
NC0149139,held,2022-11-01,2022-11-01,2023-06-06
NC0149141,held,2022-11-01,2022-11-01,2023-06-06
NC0149148,held,2022-11-01,2022-11-01,2023-06-06
NC0149152,held,2022-11-01,2022-11-01,2023-06-06
NC0149155,held,2022-11-01,2022-11-01,2023-06-06
NC0149158,held,2022-11-01,2022-11-01,2023-06-06
NC0149162,held,2022-11-01,2022-11-01,2023-06-06
NC0149163,held,2022-11-01,2022-11-01,2023-06-06
NC0149165,held,2022-11-01,2022-11-01,2023-06-06
NC0149167,held,2022-11-01,2022-11-01,2023-06-06
NC0149168,held,2022-11-01,2022-11-01,2023-06-06
NC0149169,held,2022-11-01,2022-11-01,2023-06-06
NC0149175,held,2022-11-01,2022-11-01,2023-06-06
NC0149177,held,2022-11-01,2022-11-01,2023-06-06
NC0149179,held,2022-11-01,2022-11-01,2023-06-06
NC0149180,held,2022-11-01,2022-11-01,2023-06-06
NC0149181,held,2022-11-01,2022-11-01,2023-06-06
NC0149182,held,2022-11-01,2022-11-01,2023-06-06
NC0149184,held,2022-11-01,2022-11-01,2023-06-06
NC0149185,held,2022-11-01,2022-11-01,2023-06-06
NC0149186,held,2022-11-01,2022-11-01,2023-06-06
NC0149188,held,2022-11-01,2022-11-01,2023-06-06
NC0149189,held,2022-11-01,2022-11-01,2023-06-06
NC0149190,held,2022-11-01,2022-11-01,2023-06-06
NC0149191,held,2022-11-01,2022-11-01,2023-06-06
NC0149192,held,2022-11-01,2022-11-01,2023-06-06
NC0149193,held,2022-11-01,2022-11-01,2023-06-06
NC0150035,held,2022-11-01,2022-11-01,2023-06-06
NC0150102,held,2022-11-01,2022-11-01,2023-06-06
NC0150107,held,2022-11-01,2022-11-01,2023-06-06
NC0150111,held,2022-11-01,2022-11-01,2023-06-06
NC0150113,held,2022-11-01,2022-11-01,2023-06-06
NC0150116,held,2022-11-01,2022-11-01,2023-06-06
NC0150131,held,2022-11-01,2022-11-01,2023-06-06
NC0150136,held,2022-11-01,2022-11-01,2023-06-06
NC0150159,held,2022-11-01,2022-11-01,2023-06-06
NC0150161,held,2022-11-01,2022-11-01,2023-06-06
NC0150163,held,2022-11-01,2022-11-01,2023-06-06
NC0150168,held,2022-11-01,2022-11-01,2023-06-06
NC0150169,held,2022-11-01,2022-11-01,2023-06-06
NC0150170,held,2022-11-01,2022-11-01,2023-06-06
NC0150171,held,2022-11-01,2022-11-01,2023-06-06
NC0150175,held,2022-11-01,2022-11-01,2023-06-06
NC0150176,held,2022-11-01,2022-11-01,2023-06-06
NC0150179,held,2022-11-01,2022-11-01,2023-06-06
NC0150181,held,2022-11-01,2022-11-01,2023-06-06
NC0150192,held,2022-11-01,2022-11-01,2023-06-06
NC0150193,held,2022-11-01,2022-11-01,2023-06-06
NC0150200,held,2022-11-01,2022-11-01,2023-06-06
NC0150501,held,2022-11-01,2022-11-01,2023-06-06
NC0155010,held,2022-11-01,2022-11-01,2023-06-06
NC0155103,held,2022-11-01,2022-11-01,2023-06-06
NC0155115,held,2022-11-01,2022-11-01,2023-06-06
NC0155116,held,2022-11-01,2022-11-01,2023-06-06
NC0155119,held,2022-11-01,2022-11-01,2023-06-06
NC0155127,held,2022-11-01,2022-11-01,2023-06-06
NC0155132,held,2022-11-01,2022-11-01,2023-06-06
NC0155134,held,2022-11-01,2022-11-01,2023-06-06
NC0155135,held,2022-11-01,2022-11-01,2023-06-06
NC0155137,held,2022-11-01,2022-11-01,2023-06-06
NC0156010,held,2022-11-01,2022-11-01,2023-06-06
NC0156025,held,2022-11-01,2022-11-01,2023-06-06
NC0156105,held,2022-11-01,2022-11-01,2023-06-06
NC0156128,held,2022-11-01,2022-11-01,2023-06-06
NC0156129,held,2022-11-01,2022-11-01,2023-06-06
NC0156132,held,2022-11-01,2022-11-01,2023-06-06
NC0156133,held,2022-11-01,2022-11-01,2023-06-06
NC0156134,held,2022-11-01,2022-11-01,2023-06-06
NC0156135,held,2022-11-01,2022-11-01,2023-06-06
NC0156136,held,2022-11-01,2022-11-01,2023-06-06
NC0157010,held,2022-11-01,2022-11-01,2023-06-06
NC0157015,held,2022-11-01,2022-11-01,2023-06-06
NC0157102,held,2022-11-01,2022-11-01,2023-06-06
NC0157108,held,2022-11-01,2022-11-01,2023-06-06
NC0157112,held,2022-11-01,2022-11-01,2023-06-06
NC0157117,held,2022-11-01,2022-11-01,2023-06-06
NC0157118,held,2022-11-01,2022-11-01,2023-06-06
NC0157123,held,2022-11-01,2022-11-01,2023-06-06
NC0157125,held,2022-11-01,2022-11-01,2023-06-06
NC0157132,held,2022-11-01,2022-11-01,2023-06-06
NC0157135,held,2022-11-01,2022-11-01,2023-06-06
NC0157137,held,2022-11-01,2022-11-01,2023-06-06
NC0157138,held,2022-11-01,2022-11-01,2023-06-06
NC0157143,held,2022-11-01,2022-11-01,2023-06-06
NC0157144,held,2022-11-01,2022-11-01,2023-06-06
NC0157147,held,2022-11-01,2022-11-01,2023-06-06
NC0157150,held,2022-11-01,2022-11-01,2023-06-06
NC0157152,held,2022-11-01,2022-11-01,2023-06-06
NC0157153,held,2022-11-01,2022-11-01,2023-06-06
NC0157154,held,2022-11-01,2022-11-01,2023-06-06
NC0157155,held,2022-11-01,2022-11-01,2023-06-06
NC0157428,held,2022-11-01,2022-11-01,2023-06-06
NC0158010,held,2022-11-01,2022-11-01,2023-06-06
NC0158015,held,2022-11-01,2022-11-01,2023-06-06
NC0158020,held,2022-11-01,2022-11-01,2023-06-06
NC0158025,held,2022-11-01,2022-11-01,2023-06-06
NC0158101,held,2022-11-01,2022-11-01,2023-06-06
NC0160137,held,2022-11-01,2022-11-01,2023-06-06
NC0160146,held,2022-11-01,2022-11-01,2023-06-06
NC0160147,held,2022-11-01,2022-11-01,2023-06-06
NC0160156,held,2022-11-01,2022-11-01,2023-06-06
NC0160168,held,2022-11-01,2022-11-01,2023-06-06
NC0160171,held,2022-11-01,2022-11-01,2023-06-06
NC0160195,held,2022-11-01,2022-11-01,2023-06-06
NC0160196,held,2022-11-01,2022-11-01,2023-06-06
NC0160200,held,2022-11-01,2022-11-01,2023-06-06
NC0160203,held,2022-11-01,2022-11-01,2023-06-06
NC0160218,held,2022-11-01,2022-11-01,2023-06-06
NC0160230,held,2022-11-01,2022-11-01,2023-06-06
NC0160249,held,2022-11-01,2022-11-01,2023-06-06
NC0160253,held,2022-11-01,2022-11-01,2023-06-06
NC0160264,held,2022-11-01,2022-11-01,2023-06-06
NC0160265,held,2022-11-01,2022-11-01,2023-06-06
NC0160276,held,2022-11-01,2022-11-01,2023-06-06
NC0160282,held,2022-11-01,2022-11-01,2023-06-06
NC0160329,held,2022-11-01,2022-11-01,2023-06-06
NC0160379,held,2022-11-01,2022-11-01,2023-06-06
NC0161010,held,2022-11-01,2022-11-01,2023-06-06
NC0161015,held,2022-11-01,2022-11-01,2023-06-06
NC0161104,held,2022-11-01,2022-11-01,2023-06-06
NC0161400,held,2022-11-01,2022-11-01,2023-06-06
NC0175010,held,2022-11-01,2022-11-01,2023-06-06
NC0175015,held,2022-11-01,2022-11-01,2023-06-06
NC0175020,held,2022-11-01,2022-11-01,2023-06-06
NC0175102,held,2022-11-01,2022-11-01,2023-06-06
NC0175107,held,2022-11-01,2022-11-01,2023-06-06
NC0180038,held,2022-11-01,2022-11-01,2023-06-06
NC0180040,held,2022-11-01,2022-11-01,2023-06-06
NC0180050,held,2022-11-01,2022-11-01,2023-06-06
NC0180055,held,2022-11-01,2022-11-01,2023-06-06
NC0180060,held,2022-11-01,2022-11-01,2023-06-06
NC0180104,held,2022-11-01,2022-11-01,2023-06-06
NC0180108,held,2022-11-01,2022-11-01,2023-06-06
NC0180110,held,2022-11-01,2022-11-01,2023-06-06
NC0180111,held,2022-11-01,2022-11-01,2023-06-06
NC0180114,held,2022-11-01,2022-11-01,2023-06-06
NC0180115,held,2022-11-01,2022-11-01,2023-06-06
NC0180122,held,2022-11-01,2022-11-01,2023-06-06
NC0180123,held,2022-11-01,2022-11-01,2023-06-06
NC0180124,held,2022-11-01,2022-11-01,2023-06-06
NC0180130,held,2022-11-01,2022-11-01,2023-06-06
NC0180147,held,2022-11-01,2022-11-01,2023-06-06
NC0180159,held,2022-11-01,2022-11-01,2023-06-06
NC0180161,held,2022-11-01,2022-11-01,2023-06-06
NC0180178,held,2022-11-01,2022-11-01,2023-06-06
NC0180182,held,2022-11-01,2022-11-01,2023-06-06
NC0180183,held,2022-11-01,2022-11-01,2023-06-06
NC0180184,held,2022-11-01,2022-11-01,2023-06-06
NC0180186,held,2022-11-01,2022-11-01,2023-06-06
NC0180187,held,2022-11-01,2022-11-01,2023-06-06
NC0180188,held,2022-11-01,2022-11-01,2023-06-06
NC0180190,held,2022-11-01,2022-11-01,2023-06-06
NC0180194,held,2022-11-01,2022-11-01,2023-06-06
NC0180195,held,2022-11-01,2022-11-01,2023-06-06
NC0180196,held,2022-11-01,2022-11-01,2023-06-06
NC0180199,held,2022-11-01,2022-11-01,2023-06-06
NC0180201,held,2022-11-01,2022-11-01,2023-06-06
NC0180212,held,2022-11-01,2022-11-01,2023-06-06
NC0180223,held,2022-11-01,2022-11-01,2023-06-06
NC0180224,held,2022-11-01,2022-11-01,2023-06-06
NC0180425,held,2022-11-01,2022-11-01,2023-06-06
NC0180501,held,2022-11-01,2022-11-01,2023-06-06
NC0181010,held,2022-11-01,2022-11-01,2023-06-06
NC0181020,held,2022-11-01,2022-11-01,2023-06-06
NC0181035,held,2022-11-01,2022-11-01,2023-06-06
NC0181038,held,2022-11-01,2022-11-01,2023-06-06
NC0181040,held,2022-11-01,2022-11-01,2023-06-06
NC0181050,held,2022-11-01,2022-11-01,2023-06-06
NC0181103,held,2022-11-01,2022-11-01,2023-06-06
NC0181107,held,2022-11-01,2022-11-01,2023-06-06
NC0181126,held,2022-11-01,2022-11-01,2023-06-06
NC0181132,held,2022-11-01,2022-11-01,2023-06-06
NC0181133,held,2022-11-01,2022-11-01,2023-06-06
NC0181134,held,2022-11-01,2022-11-01,2023-06-06
NC0181138,held,2022-11-01,2022-11-01,2023-06-06
NC0184010,held,2022-11-01,2022-11-01,2023-06-06
NC0184015,held,2022-11-01,2022-11-01,2023-06-06
NC0184020,held,2022-11-01,2022-11-01,2023-06-06
NC0184025,held,2022-11-01,2022-11-01,2023-06-06
NC0184035,held,2022-11-01,2022-11-01,2023-06-06
NC0184135,held,2022-11-01,2022-11-01,2023-06-06
NC0184141,held,2022-11-01,2022-11-01,2023-06-06
NC0184142,held,2022-11-01,2022-11-01,2023-06-06
NC0184143,held,2022-11-01,2022-11-01,2023-06-06
NC0184144,held,2022-11-01,2022-11-01,2023-06-06
NC0187010,held,2022-11-01,2022-11-01,2023-06-06
NC0187020,held,2022-11-01,2022-11-01,2023-06-06
NC0187128,held,2022-11-01,2022-11-01,2023-06-06
NC0187562,held,2022-11-01,2022-11-01,2023-06-06
NC0188010,held,2022-11-01,2022-11-01,2023-06-06
NC0188104,held,2022-11-01,2022-11-01,2023-06-06
NC0188115,held,2022-11-01,2022-11-01,2023-06-06
NC0188118,held,2022-11-01,2022-11-01,2023-06-06
NC0188120,held,2022-11-01,2022-11-01,2023-06-06
NC0188127,held,2022-11-01,2022-11-01,2023-06-06
NC0190015,held,2022-11-01,2022-11-01,2023-06-06
NC0190030,held,2022-11-01,2022-11-01,2023-06-06
NC0190127,held,2022-11-01,2022-11-01,2023-06-06
NC0195010,held,2022-11-01,2022-11-01,2023-06-06
NC0195020,held,2022-11-01,2022-11-01,2023-06-06
NC0195101,held,2022-11-01,2022-11-01,2023-06-06
NC0195103,held,2022-11-01,2022-11-01,2023-06-06
NC0195104,held,2022-11-01,2022-11-01,2023-06-06
NC0195106,held,2022-11-01,2022-11-01,2023-06-06
NC0195108,held,2022-11-01,2022-11-01,2023-06-06
NC0195110,held,2022-11-01,2022-11-01,2023-06-06
NC0195112,held,2022-11-01,2022-11-01,2023-06-06
NC0195115,held,2022-11-01,2022-11-01,2023-06-06
NC0195117,held,2022-11-01,2022-11-01,2023-06-06
NC0195118,held,2022-11-01,2022-11-01,2023-06-06
NC0195119,held,2022-11-01,2022-11-01,2023-06-06
NC0195122,held,2022-11-01,2022-11-01,2023-06-06
NC0195127,held,2022-11-01,2022-11-01,2023-06-06
NC0195128,held,2022-11-01,2022-11-01,2023-06-06
NC0195136,held,2022-11-01,2022-11-01,2023-06-06
NC0195137,held,2022-11-01,2022-11-01,2023-06-06
NC0195160,held,2022-11-01,2022-11-01,2023-06-06
NC0197010,held,2022-11-01,2022-11-01,2023-06-06
NC0197015,held,2022-11-01,2022-11-01,2023-06-06
NC0197020,held,2022-11-01,2022-11-01,2023-06-06
NC0197025,held,2022-11-01,2022-11-01,2023-06-06
NC0197030,held,2022-11-01,2022-11-01,2023-06-06
NC0197035,held,2022-11-01,2022-11-01,2023-06-06
NC0197040,held,2022-11-01,2022-11-01,2023-06-06
NC0197050,held,2022-11-01,2022-11-01,2023-06-06
NC0197606,held,2022-11-01,2022-11-01,2023-06-06
NC0201015,held,2022-11-01,2022-11-01,2023-06-06
NC0201018,held,2022-11-01,2022-11-01,2023-06-06
NC0201020,held,2022-11-01,2022-11-01,2023-06-06
NC0201025,held,2022-11-01,2022-11-01,2023-06-06
NC0201030,held,2022-11-01,2022-11-01,2023-06-06
NC0201035,held,2022-11-01,2022-11-01,2023-06-06
NC0201105,held,2022-11-01,2022-11-01,2023-06-06
NC0201112,held,2022-11-01,2022-11-01,2023-06-06
NC0201118,held,2022-11-01,2022-11-01,2023-06-06
NC0201120,held,2022-11-01,2022-11-01,2023-06-06
NC0201123,held,2022-11-01,2022-11-01,2023-06-06
NC0201130,held,2022-11-01,2022-11-01,2023-06-06
NC0201141,held,2022-11-01,2022-11-01,2023-06-06
NC0201153,held,2022-11-01,2022-11-01,2023-06-06
NC0201158,held,2022-11-01,2022-11-01,2023-06-06
NC0201160,held,2022-11-01,2022-11-01,2023-06-06
NC0201165,held,2022-11-01,2022-11-01,2023-06-06
NC0201166,held,2022-11-01,2022-11-01,2023-06-06
NC0201174,held,2022-11-01,2022-11-01,2023-06-06
NC0201188,held,2022-11-01,2022-11-01,2023-06-06
NC0201190,held,2022-11-01,2022-11-01,2023-06-06
NC0201202,held,2022-11-01,2022-11-01,2023-06-06
NC0201203,held,2022-11-01,2022-11-01,2023-06-06
NC0201204,held,2022-11-01,2022-11-01,2023-06-06
NC0201205,held,2022-11-01,2022-11-01,2023-06-06
NC0217010,held,2022-11-01,2022-11-01,2023-06-06
NC0217015,held,2022-11-01,2022-11-01,2023-06-06
NC0217020,held,2022-11-01,2022-11-01,2023-06-06
NC0217101,held,2022-11-01,2022-11-01,2023-06-06
NC0217107,held,2022-11-01,2022-11-01,2023-06-06
NC0217108,held,2022-11-01,2022-11-01,2023-06-06
NC0229020,held,2022-11-01,2022-11-01,2023-06-06
NC0229030,held,2022-11-01,2022-11-01,2023-06-06
NC0229035,held,2022-11-01,2022-11-01,2023-06-06
NC0230010,held,2022-11-01,2022-11-01,2023-06-06
NC0230109,held,2022-11-01,2022-11-01,2023-06-06
NC0234115,held,2022-11-01,2022-11-01,2023-06-06
NC0234124,held,2022-11-01,2022-11-01,2023-06-06
NC0234139,held,2022-11-01,2022-11-01,2023-06-06
NC0234165,held,2022-11-01,2022-11-01,2023-06-06
NC0234167,held,2022-11-01,2022-11-01,2023-06-06
NC0234179,held,2022-11-01,2022-11-01,2023-06-06
NC0234183,held,2022-11-01,2022-11-01,2023-06-06
NC0234191,held,2022-11-01,2022-11-01,2023-06-06
NC0234192,held,2022-11-01,2022-11-01,2023-06-06
NC0234193,held,2022-11-01,2022-11-01,2023-06-06
NC0234196,held,2022-11-01,2022-11-01,2023-06-06
NC0234197,held,2022-11-01,2022-11-01,2023-06-06
NC0234199,held,2022-11-01,2022-11-01,2023-06-06
NC0235010,held,2022-11-01,2022-11-01,2023-06-06
NC0235015,held,2022-11-01,2022-11-01,2023-06-06
NC0235025,held,2022-11-01,2022-11-01,2023-06-06
NC0235108,held,2022-11-01,2022-11-01,2023-06-06
NC0235129,held,2022-11-01,2022-11-01,2023-06-06
NC0239010,held,2022-11-01,2022-11-01,2023-06-06
NC0239018,held,2022-11-01,2022-11-01,2023-06-06
NC0239107,held,2022-11-01,2022-11-01,2023-06-06
NC0239122,held,2022-11-01,2022-11-01,2023-06-06
NC0241025,held,2022-11-01,2022-11-01,2023-06-06
NC0241030,held,2022-11-01,2022-11-01,2023-06-06
NC0241035,held,2022-11-01,2022-11-01,2023-06-06
NC0241103,held,2022-11-01,2022-11-01,2023-06-06
NC0241105,held,2022-11-01,2022-11-01,2023-06-06
NC0241106,held,2022-11-01,2022-11-01,2023-06-06
NC0241111,held,2022-11-01,2022-11-01,2023-06-06
NC0241112,held,2022-11-01,2022-11-01,2023-06-06
NC0241113,held,2022-11-01,2022-11-01,2023-06-06
NC0241117,held,2022-11-01,2022-11-01,2023-06-06
NC0241124,held,2022-11-01,2022-11-01,2023-06-06
NC0241125,held,2022-11-01,2022-11-01,2023-06-06
NC0241126,held,2022-11-01,2022-11-01,2023-06-06
NC0241128,held,2022-11-01,2022-11-01,2023-06-06
NC0241136,held,2022-11-01,2022-11-01,2023-06-06
NC0241139,held,2022-11-01,2022-11-01,2023-06-06
NC0241144,held,2022-11-01,2022-11-01,2023-06-06
NC0241145,held,2022-11-01,2022-11-01,2023-06-06
NC0241150,held,2022-11-01,2022-11-01,2023-06-06
NC0241154,held,2022-11-01,2022-11-01,2023-06-06
NC0241191,held,2022-11-01,2022-11-01,2023-06-06
NC0241193,held,2022-11-01,2022-11-01,2023-06-06
NC0241194,held,2022-11-01,2022-11-01,2023-06-06
NC0241196,held,2022-11-01,2022-11-01,2023-06-06
NC0241197,held,2022-11-01,2022-11-01,2023-06-06
NC0241198,held,2022-11-01,2022-11-01,2023-06-06
NC0241200,held,2022-11-01,2022-11-01,2023-06-06
NC0241201,held,2022-11-01,2022-11-01,2023-06-06
NC0241203,held,2022-11-01,2022-11-01,2023-06-06
NC0241206,held,2022-11-01,2022-11-01,2023-06-06
NC0241207,held,2022-11-01,2022-11-01,2023-06-06
NC0241208,held,2022-11-01,2022-11-01,2023-06-06
NC0241209,held,2022-11-01,2022-11-01,2023-06-06
NC0241210,held,2022-11-01,2022-11-01,2023-06-06
NC0241211,held,2022-11-01,2022-11-01,2023-06-06
NC0241216,held,2022-11-01,2022-11-01,2023-06-06
NC0241217,held,2022-11-01,2022-11-01,2023-06-06
NC0241220,held,2022-11-01,2022-11-01,2023-06-06
NC0241225,held,2022-11-01,2022-11-01,2023-06-06
NC0241227,held,2022-11-01,2022-11-01,2023-06-06
NC0241234,held,2022-11-01,2022-11-01,2023-06-06
NC0241237,held,2022-11-01,2022-11-01,2023-06-06
NC0241238,held,2022-11-01,2022-11-01,2023-06-06
NC0241240,held,2022-11-01,2022-11-01,2023-06-06
NC0241242,held,2022-11-01,2022-11-01,2023-06-06
NC0241539,held,2022-11-01,2022-11-01,2023-06-06
NC0273010,held,2022-11-01,2022-11-01,2023-06-06
NC0273103,held,2022-11-01,2022-11-01,2023-06-06
NC0276015,held,2022-11-01,2022-11-01,2023-06-06
NC0276020,held,2022-11-01,2022-11-01,2023-06-06
NC0276025,held,2022-11-01,2022-11-01,2023-06-06
NC0276030,held,2022-11-01,2022-11-01,2023-06-06
NC0276035,held,2022-11-01,2022-11-01,2023-06-06
NC0276040,held,2022-11-01,2022-11-01,2023-06-06
NC0276101,held,2022-11-01,2022-11-01,2023-06-06
NC0276104,held,2022-11-01,2022-11-01,2023-06-06
NC0276110,held,2022-11-01,2022-11-01,2023-06-06
NC0276112,held,2022-11-01,2022-11-01,2023-06-06
NC0276113,held,2022-11-01,2022-11-01,2023-06-06
NC0276118,held,2022-11-01,2022-11-01,2023-06-06
NC0276125,held,2022-11-01,2022-11-01,2023-06-06
NC0276133,held,2022-11-01,2022-11-01,2023-06-06
NC0276140,held,2022-11-01,2022-11-01,2023-06-06
NC0276143,held,2022-11-01,2022-11-01,2023-06-06
NC0276149,held,2022-11-01,2022-11-01,2023-06-06
NC0276153,held,2022-11-01,2022-11-01,2023-06-06
NC0276157,held,2022-11-01,2022-11-01,2023-06-06
NC0276158,held,2022-11-01,2022-11-01,2023-06-06
NC0276165,held,2022-11-01,2022-11-01,2023-06-06
NC0276168,held,2022-11-01,2022-11-01,2023-06-06
NC0276201,held,2022-11-01,2022-11-01,2023-06-06
NC0276202,held,2022-11-01,2022-11-01,2023-06-06
NC0276204,held,2022-11-01,2022-11-01,2023-06-06
NC0276205,held,2022-11-01,2022-11-01,2023-06-06
NC0276207,held,2022-11-01,2022-11-01,2023-06-06
NC0276208,held,2022-11-01,2022-11-01,2023-06-06
NC0276211,held,2022-11-01,2022-11-01,2023-06-06
NC0276215,held,2022-11-01,2022-11-01,2023-06-06
NC0276449,held,2022-11-01,2022-11-01,2023-06-06
NC0279010,held,2022-11-01,2022-11-01,2023-06-06
NC0279020,held,2022-11-01,2022-11-01,2023-06-06
NC0279025,held,2022-11-01,2022-11-01,2023-06-06
NC0279030,held,2022-11-01,2022-11-01,2023-06-06
NC0279035,held,2022-11-01,2022-11-01,2023-06-06
NC0279040,held,2022-11-01,2022-11-01,2023-06-06
NC0279050,held,2022-11-01,2022-11-01,2023-06-06
NC0279108,held,2022-11-01,2022-11-01,2023-06-06
NC0279110,held,2022-11-01,2022-11-01,2023-06-06
NC0279118,held,2022-11-01,2022-11-01,2023-06-06
NC0279121,held,2022-11-01,2022-11-01,2023-06-06
NC0279124,held,2022-11-01,2022-11-01,2023-06-06
NC0279125,held,2022-11-01,2022-11-01,2023-06-06
NC0279134,held,2022-11-01,2022-11-01,2023-06-06
NC0279138,held,2022-11-01,2022-11-01,2023-06-06
NC0279147,held,2022-11-01,2022-11-01,2023-06-06
NC0279150,held,2022-11-01,2022-11-01,2023-06-06
NC0279151,held,2022-11-01,2022-11-01,2023-06-06
NC0279157,held,2022-11-01,2022-11-01,2023-06-06
NC0279160,held,2022-11-01,2022-11-01,2023-06-06
NC0279161,held,2022-11-01,2022-11-01,2023-06-06
NC0279172,held,2022-11-01,2022-11-01,2023-06-06
NC0279176,held,2022-11-01,2022-11-01,2023-06-06
NC0279177,held,2022-11-01,2022-11-01,2023-06-06
NC0279453,held,2022-11-01,2022-11-01,2023-06-06
NC0279692,held,2022-11-01,2022-11-01,2023-06-06
NC0285015,held,2022-11-01,2022-11-01,2023-06-06
NC0285020,held,2022-11-01,2022-11-01,2023-06-06
NC0285025,held,2022-11-01,2022-11-01,2023-06-06
NC0285130,held,2022-11-01,2022-11-01,2023-06-06
NC0285133,held,2022-11-01,2022-11-01,2023-06-06
NC0286010,held,2022-11-01,2022-11-01,2023-06-06
NC0286020,held,2022-11-01,2022-11-01,2023-06-06
NC0286025,held,2022-11-01,2022-11-01,2023-06-06
NC0286030,held,2022-11-01,2022-11-01,2023-06-06
NC0286101,held,2022-11-01,2022-11-01,2023-06-06
NC0286103,held,2022-11-01,2022-11-01,2023-06-06
NC0286104,held,2022-11-01,2022-11-01,2023-06-06
NC0286107,held,2022-11-01,2022-11-01,2023-06-06
NC0286111,held,2022-11-01,2022-11-01,2023-06-06
NC0286113,held,2022-11-01,2022-11-01,2023-06-06
NC0286115,held,2022-11-01,2022-11-01,2023-06-06
NC0286116,held,2022-11-01,2022-11-01,2023-06-06
NC0286117,held,2022-11-01,2022-11-01,2023-06-06
NC0286123,held,2022-11-01,2022-11-01,2023-06-06
NC0286124,held,2022-11-01,2022-11-01,2023-06-06
NC0286134,held,2022-11-01,2022-11-01,2023-06-06
NC0286144,held,2022-11-01,2022-11-01,2023-06-06
NC0286146,held,2022-11-01,2022-11-01,2023-06-06
NC0286148,held,2022-11-01,2022-11-01,2023-06-06
NC0286149,held,2022-11-01,2022-11-01,2023-06-06
NC0286150,held,2022-11-01,2022-11-01,2023-06-06
NC0286151,held,2022-11-01,2022-11-01,2023-06-06
NC0286153,held,2022-11-01,2022-11-01,2023-06-06
NC0286154,held,2022-11-01,2022-11-01,2023-06-06
NC0286155,held,2022-11-01,2022-11-01,2023-06-06
NC0286156,held,2022-11-01,2022-11-01,2023-06-06
NC0286164,held,2022-11-01,2022-11-01,2023-06-06
NC0286170,held,2022-11-01,2022-11-01,2023-06-06
NC0286175,held,2022-11-01,2022-11-01,2023-06-06
NC0286176,held,2022-11-01,2022-11-01,2023-06-06
NC0286178,held,2022-11-01,2022-11-01,2023-06-06
NC0286414,held,2022-11-01,2022-11-01,2023-06-06
NC0291010,held,2022-11-01,2022-11-01,2023-06-06
NC0291015,held,2022-11-01,2022-11-01,2023-06-06
NC0291102,held,2022-11-01,2022-11-01,2023-06-06
NC0291104,held,2022-11-01,2022-11-01,2023-06-06
NC0291120,held,2022-11-01,2022-11-01,2023-06-06
NC0291121,held,2022-11-01,2022-11-01,2023-06-06
NC0293010,held,2022-11-01,2022-11-01,2023-06-06
NC0293020,held,2022-11-01,2022-11-01,2023-06-06
NC0293105,held,2022-11-01,2022-11-01,2023-06-06
NC0293107,held,2022-11-01,2022-11-01,2023-06-06
NC0293108,held,2022-11-01,2022-11-01,2023-06-06
NC0293110,held,2022-11-01,2022-11-01,2023-06-06
NC0293111,held,2022-11-01,2022-11-01,2023-06-06
NC0293115,held,2022-11-01,2022-11-01,2023-06-06
NC0293487,held,2022-11-01,2022-11-01,2023-06-06
NC0299010,held,2022-11-01,2022-11-01,2023-06-06
NC0299015,held,2022-11-01,2022-11-01,2023-06-06
NC0299020,held,2022-11-01,2022-11-01,2023-06-06
NC0299025,held,2022-11-01,2022-11-01,2023-06-06
NC0299110,held,2022-11-01,2022-11-01,2023-06-06
NC0299111,held,2022-11-01,2022-11-01,2023-06-06
NC0299112,held,2022-11-01,2022-11-01,2023-06-06
NC0299116,held,2022-11-01,2022-11-01,2023-06-06
NC0299117,held,2022-11-01,2022-11-01,2023-06-06
NC0299118,held,2022-11-01,2022-11-01,2023-06-06
NC0304010,held,2022-11-01,2022-11-01,2023-06-06
NC0304012,held,2022-11-01,2022-11-01,2023-06-06
NC0304020,held,2022-11-01,2022-11-01,2023-06-06
NC0304025,held,2022-11-01,2022-11-01,2023-06-06
NC0304030,held,2022-11-01,2022-11-01,2023-06-06
NC0304034,held,2022-11-01,2022-11-01,2023-06-06
NC0304040,held,2022-11-01,2022-11-01,2023-06-06
NC0309010,held,2022-11-01,2022-11-01,2023-06-06
NC0309015,held,2022-11-01,2022-11-01,2023-06-06
NC0309020,held,2022-11-01,2022-11-01,2023-06-06
NC0309025,held,2022-11-01,2022-11-01,2023-06-06
NC0309030,held,2022-11-01,2022-11-01,2023-06-06
NC0309040,held,2022-11-01,2022-11-01,2023-06-06
NC0309050,held,2022-11-01,2022-11-01,2023-06-06
NC0309055,held,2022-11-01,2022-11-01,2023-06-06
NC0309060,held,2022-11-01,2022-11-01,2023-06-06
NC0319010,held,2022-11-01,2022-11-01,2023-06-06
NC0319015,held,2022-11-01,2022-11-01,2023-06-06
NC0319025,held,2022-11-01,2022-11-01,2023-06-06
NC0319050,held,2022-11-01,2022-11-01,2023-06-06
NC0319104,held,2022-11-01,2022-11-01,2023-06-06
NC0319120,held,2022-11-01,2022-11-01,2023-06-06
NC0319124,held,2022-11-01,2022-11-01,2023-06-06
NC0319126,held,2022-11-01,2022-11-01,2023-06-06
NC0319128,held,2022-11-01,2022-11-01,2023-06-06
NC0319132,held,2022-11-01,2022-11-01,2023-06-06
NC0319133,held,2022-11-01,2022-11-01,2023-06-06
NC0319134,held,2022-11-01,2022-11-01,2023-06-06
NC0319135,held,2022-11-01,2022-11-01,2023-06-06
NC0319137,held,2022-11-01,2022-11-01,2023-06-06
NC0326020,held,2022-11-01,2022-11-01,2023-06-06
NC0326030,held,2022-11-01,2022-11-01,2023-06-06
NC0326035,held,2022-11-01,2022-11-01,2023-06-06
NC0326040,held,2022-11-01,2022-11-01,2023-06-06
NC0326045,held,2022-11-01,2022-11-01,2023-06-06
NC0326050,held,2022-11-01,2022-11-01,2023-06-06
NC0326122,held,2022-11-01,2022-11-01,2023-06-06
NC0326124,held,2022-11-01,2022-11-01,2023-06-06
NC0326127,held,2022-11-01,2022-11-01,2023-06-06
NC0326140,held,2022-11-01,2022-11-01,2023-06-06
NC0326143,held,2022-11-01,2022-11-01,2023-06-06
NC0326210,held,2022-11-01,2022-11-01,2023-06-06
NC0326280,held,2022-11-01,2022-11-01,2023-06-06
NC0326286,held,2022-11-01,2022-11-01,2023-06-06
NC0326300,held,2022-11-01,2022-11-01,2023-06-06
NC0326331,held,2022-11-01,2022-11-01,2023-06-06
NC0326332,held,2022-11-01,2022-11-01,2023-06-06
NC0326337,held,2022-11-01,2022-11-01,2023-06-06
NC0326341,held,2022-11-01,2022-11-01,2023-06-06
NC0326342,held,2022-11-01,2022-11-01,2023-06-06
NC0326367,held,2022-11-01,2022-11-01,2023-06-06
NC0326375,held,2022-11-01,2022-11-01,2023-06-06
NC0326776,held,2022-11-01,2022-11-01,2023-06-06
NC0332106,held,2022-11-01,2022-11-01,2023-06-06
NC0332109,held,2022-11-01,2022-11-01,2023-06-06
NC0332111,held,2022-11-01,2022-11-01,2023-06-06
NC0332116,held,2022-11-01,2022-11-01,2023-06-06
NC0332117,held,2022-11-01,2022-11-01,2023-06-06
NC0332119,held,2022-11-01,2022-11-01,2023-06-06
NC0332121,held,2022-11-01,2022-11-01,2023-06-06
NC0332122,held,2022-11-01,2022-11-01,2023-06-06
NC0332125,held,2022-11-01,2022-11-01,2023-06-06
NC0332126,held,2022-11-01,2022-11-01,2023-06-06
NC0332132,held,2022-11-01,2022-11-01,2023-06-06
NC0332135,held,2022-11-01,2022-11-01,2023-06-06
NC0332136,held,2022-11-01,2022-11-01,2023-06-06
NC0332138,held,2022-11-01,2022-11-01,2023-06-06
NC0332139,held,2022-11-01,2022-11-01,2023-06-06
NC0332140,held,2022-11-01,2022-11-01,2023-06-06
NC0343010,held,2022-11-01,2022-11-01,2023-06-06
NC0343015,held,2022-11-01,2022-11-01,2023-06-06
NC0343020,held,2022-11-01,2022-11-01,2023-06-06
NC0343025,held,2022-11-01,2022-11-01,2023-06-06
NC0343104,held,2022-11-01,2022-11-01,2023-06-06
NC0347010,held,2022-11-01,2022-11-01,2023-06-06
NC0347015,held,2022-11-01,2022-11-01,2023-06-06
NC0347030,held,2022-11-01,2022-11-01,2023-06-06
NC0347102,held,2022-11-01,2022-11-01,2023-06-06
NC0347107,held,2022-11-01,2022-11-01,2023-06-06
NC0347112,held,2022-11-01,2022-11-01,2023-06-06
NC0351010,held,2022-11-01,2022-11-01,2023-06-06
NC0351015,held,2022-11-01,2022-11-01,2023-06-06
NC0351020,held,2022-11-01,2022-11-01,2023-06-06
NC0351025,held,2022-11-01,2022-11-01,2023-06-06
NC0351030,held,2022-11-01,2022-11-01,2023-06-06
NC0351035,held,2022-11-01,2022-11-01,2023-06-06
NC0351040,held,2022-11-01,2022-11-01,2023-06-06
NC0351045,held,2022-11-01,2022-11-01,2023-06-06
NC0351050,held,2022-11-01,2022-11-01,2023-06-06
NC0351070,held,2022-11-01,2022-11-01,2023-06-06
NC0351104,held,2022-11-01,2022-11-01,2023-06-06
NC0351120,held,2022-11-01,2022-11-01,2023-06-06
NC0351156,held,2022-11-01,2022-11-01,2023-06-06
NC0351160,held,2022-11-01,2022-11-01,2023-06-06
NC0351166,held,2022-11-01,2022-11-01,2023-06-06
NC0351168,held,2022-11-01,2022-11-01,2023-06-06
NC0351176,held,2022-11-01,2022-11-01,2023-06-06
NC0351186,held,2022-11-01,2022-11-01,2023-06-06
NC0351187,held,2022-11-01,2022-11-01,2023-06-06
NC0351189,held,2022-11-01,2022-11-01,2023-06-06
NC0351192,held,2022-11-01,2022-11-01,2023-06-06
NC0351195,held,2022-11-01,2022-11-01,2023-06-06
NC0353015,held,2022-11-01,2022-11-01,2023-06-06
NC0353101,held,2022-11-01,2022-11-01,2023-06-06
NC0353122,held,2022-11-01,2022-11-01,2023-06-06
NC0353123,held,2022-11-01,2022-11-01,2023-06-06
NC0353127,held,2022-11-01,2022-11-01,2023-06-06
NC0362010,held,2022-11-01,2022-11-01,2023-06-06
NC0362015,held,2022-11-01,2022-11-01,2023-06-06
NC0362020,held,2022-11-01,2022-11-01,2023-06-06
NC0362025,held,2022-11-01,2022-11-01,2023-06-06
NC0362030,held,2022-11-01,2022-11-01,2023-06-06
NC0362035,held,2022-11-01,2022-11-01,2023-06-06
NC0362106,held,2022-11-01,2022-11-01,2023-06-06
NC0362107,held,2022-11-01,2022-11-01,2023-06-06
NC0362120,held,2022-11-01,2022-11-01,2023-06-06
NC0363010,held,2022-11-01,2022-11-01,2023-06-06
NC0363015,held,2022-11-01,2022-11-01,2023-06-06
NC0363020,held,2022-11-01,2022-11-01,2023-06-06
NC0363025,held,2022-11-01,2022-11-01,2023-06-06
NC0363030,held,2022-11-01,2022-11-01,2023-06-06
NC0363035,held,2022-11-01,2022-11-01,2023-06-06
NC0363040,held,2022-11-01,2022-11-01,2023-06-06
NC0363045,held,2022-11-01,2022-11-01,2023-06-06
NC0363102,held,2022-11-01,2022-11-01,2023-06-06
NC0363103,held,2022-11-01,2022-11-01,2023-06-06
NC0363108,held,2022-11-01,2022-11-01,2023-06-06
NC0363112,held,2022-11-01,2022-11-01,2023-06-06
NC0363114,held,2022-11-01,2022-11-01,2023-06-06
NC0363115,held,2022-11-01,2022-11-01,2023-06-06
NC0363124,held,2022-11-01,2022-11-01,2023-06-06
NC0363128,held,2022-11-01,2022-11-01,2023-06-06
NC0363129,held,2022-11-01,2022-11-01,2023-06-06
NC0363138,held,2022-11-01,2022-11-01,2023-06-06
NC0363151,held,2022-11-01,2022-11-01,2023-06-06
NC0363152,held,2022-11-01,2022-11-01,2023-06-06
NC0363153,held,2022-11-01,2022-11-01,2023-06-06
NC0363155,held,2022-11-01,2022-11-01,2023-06-06
NC0363408,held,2022-11-01,2022-11-01,2023-06-06
NC0363479,held,2022-11-01,2022-11-01,2023-06-06
NC0368015,held,2022-11-01,2022-11-01,2023-06-06
NC0368020,held,2022-11-01,2022-11-01,2023-06-06
NC0368105,held,2022-11-01,2022-11-01,2023-06-06
NC0368108,held,2022-11-01,2022-11-01,2023-06-06
NC0368122,held,2022-11-01,2022-11-01,2023-06-06
NC0368130,held,2022-11-01,2022-11-01,2023-06-06
NC0368135,held,2022-11-01,2022-11-01,2023-06-06
NC0368138,held,2022-11-01,2022-11-01,2023-06-06
NC0368145,held,2022-11-01,2022-11-01,2023-06-06
NC0368148,held,2022-11-01,2022-11-01,2023-06-06
NC0368152,held,2022-11-01,2022-11-01,2023-06-06
NC0368179,held,2022-11-01,2022-11-01,2023-06-06
NC0368182,held,2022-11-01,2022-11-01,2023-06-06
NC0368185,held,2022-11-01,2022-11-01,2023-06-06
NC0368193,held,2022-11-01,2022-11-01,2023-06-06
NC0377010,held,2022-11-01,2022-11-01,2023-06-06
NC0377015,held,2022-11-01,2022-11-01,2023-06-06
NC0377020,held,2022-11-01,2022-11-01,2023-06-06
NC0378010,held,2022-11-01,2022-11-01,2023-06-06
NC0378015,held,2022-11-01,2022-11-01,2023-06-06
NC0378020,held,2022-11-01,2022-11-01,2023-06-06
NC0378025,held,2022-11-01,2022-11-01,2023-06-06
NC0378030,held,2022-11-01,2022-11-01,2023-06-06
NC0378035,held,2022-11-01,2022-11-01,2023-06-06
NC0378040,held,2022-11-01,2022-11-01,2023-06-06
NC0378045,held,2022-11-01,2022-11-01,2023-06-06
NC0382010,held,2022-11-01,2022-11-01,2023-06-06
NC0382015,held,2022-11-01,2022-11-01,2023-06-06
NC0382020,held,2022-11-01,2022-11-01,2023-06-06
NC0382025,held,2022-11-01,2022-11-01,2023-06-06
NC0382030,held,2022-11-01,2022-11-01,2023-06-06
NC0382035,held,2022-11-01,2022-11-01,2023-06-06
NC0382040,held,2022-11-01,2022-11-01,2023-06-06
NC0382045,held,2022-11-01,2022-11-01,2023-06-06
NC0382050,held,2022-11-01,2022-11-01,2023-06-06
NC0382055,held,2022-11-01,2022-11-01,2023-06-06
NC0382065,held,2022-11-01,2022-11-01,2023-06-06
NC0382070,held,2022-11-01,2022-11-01,2023-06-06
NC0383010,held,2022-11-01,2022-11-01,2023-06-06
NC0383015,held,2022-11-01,2022-11-01,2023-06-06
NC0383020,held,2022-11-01,2022-11-01,2023-06-06
NC0383030,held,2022-11-01,2022-11-01,2023-06-06
NC0383035,held,2022-11-01,2022-11-01,2023-06-06
NC0392050,held,2022-11-01,2022-11-01,2023-06-06
NC0392055,held,2022-11-01,2022-11-01,2023-06-06
NC0392060,held,2022-11-01,2022-11-01,2023-06-06
NC0392077,held,2022-11-01,2022-11-01,2023-06-06
NC0392078,held,2022-11-01,2022-11-01,2023-06-06
NC0392080,held,2022-11-01,2022-11-01,2023-06-06
NC0392081,held,2022-11-01,2022-11-01,2023-06-06
NC0392082,held,2022-11-01,2022-11-01,2023-06-06
NC0392083,held,2022-11-01,2022-11-01,2023-06-06
NC0392084,held,2022-11-01,2022-11-01,2023-06-06
NC0392085,held,2022-11-01,2022-11-01,2023-06-06
NC0392086,held,2022-11-01,2022-11-01,2023-06-06
NC0392087,held,2022-11-01,2022-11-01,2023-06-06
NC0392090,held,2022-11-01,2022-11-01,2023-06-06
NC0392091,held,2022-11-01,2022-11-01,2023-06-06
NC0392092,held,2022-11-01,2022-11-01,2023-06-06
NC0392093,held,2022-11-01,2022-11-01,2023-06-06
NC0392094,held,2022-11-01,2022-11-01,2023-06-06
NC0392095,held,2022-11-01,2022-11-01,2023-06-06
NC0392096,held,2022-11-01,2022-11-01,2023-06-06
NC0392098,held,2022-11-01,2022-11-01,2023-06-06
NC0392099,held,2022-11-01,2022-11-01,2023-06-06
NC0392100,held,2022-11-01,2022-11-01,2023-06-06
NC0392101,held,2022-11-01,2022-11-01,2023-06-06
NC0392102,held,2022-11-01,2022-11-01,2023-06-06
NC0392107,held,2022-11-01,2022-11-01,2023-06-06
NC0392108,held,2022-11-01,2022-11-01,2023-06-06
NC0392110,held,2022-11-01,2022-11-01,2023-06-06
NC0392111,held,2022-11-01,2022-11-01,2023-06-06
NC0392113,held,2022-11-01,2022-11-01,2023-06-06
NC0392116,held,2022-11-01,2022-11-01,2023-06-06
NC0392117,held,2022-11-01,2022-11-01,2023-06-06
NC0392118,held,2022-11-01,2022-11-01,2023-06-06
NC0392119,held,2022-11-01,2022-11-01,2023-06-06
NC0392120,held,2022-11-01,2022-11-01,2023-06-06
NC0392121,held,2022-11-01,2022-11-01,2023-06-06
NC0392122,held,2022-11-01,2022-11-01,2023-06-06
NC0392126,held,2022-11-01,2022-11-01,2023-06-06
NC0392127,held,2022-11-01,2022-11-01,2023-06-06
NC0392128,held,2022-11-01,2022-11-01,2023-06-06
NC0392129,held,2022-11-01,2022-11-01,2023-06-06
NC0392131,held,2022-11-01,2022-11-01,2023-06-06
NC0392133,held,2022-11-01,2022-11-01,2023-06-06
NC0392135,held,2022-11-01,2022-11-01,2023-06-06
NC0392137,held,2022-11-01,2022-11-01,2023-06-06
NC0392141,held,2022-11-01,2022-11-01,2023-06-06
NC0392147,held,2022-11-01,2022-11-01,2023-06-06
NC0392149,held,2022-11-01,2022-11-01,2023-06-06
NC0392150,held,2022-11-01,2022-11-01,2023-06-06
NC0392151,held,2022-11-01,2022-11-01,2023-06-06
NC0392153,held,2022-11-01,2022-11-01,2023-06-06
NC0392154,held,2022-11-01,2022-11-01,2023-06-06
NC0392155,held,2022-11-01,2022-11-01,2023-06-06
NC0392158,held,2022-11-01,2022-11-01,2023-06-06
NC0392159,held,2022-11-01,2022-11-01,2023-06-06
NC0392160,held,2022-11-01,2022-11-01,2023-06-06
NC0392163,held,2022-11-01,2022-11-01,2023-06-06
NC0392166,held,2022-11-01,2022-11-01,2023-06-06
NC0392168,held,2022-11-01,2022-11-01,2023-06-06
NC0392172,held,2022-11-01,2022-11-01,2023-06-06
NC0392177,held,2022-11-01,2022-11-01,2023-06-06
NC0392178,held,2022-11-01,2022-11-01,2023-06-06
NC0392179,held,2022-11-01,2022-11-01,2023-06-06
NC0392180,held,2022-11-01,2022-11-01,2023-06-06
NC0392182,held,2022-11-01,2022-11-01,2023-06-06
NC0392184,held,2022-11-01,2022-11-01,2023-06-06
NC0392186,held,2022-11-01,2022-11-01,2023-06-06
NC0392188,held,2022-11-01,2022-11-01,2023-06-06
NC0392190,held,2022-11-01,2022-11-01,2023-06-06
NC0392195,held,2022-11-01,2022-11-01,2023-06-06
NC0392199,held,2022-11-01,2022-11-01,2023-06-06
NC0392202,held,2022-11-01,2022-11-01,2023-06-06
NC0392207,held,2022-11-01,2022-11-01,2023-06-06
NC0392211,held,2022-11-01,2022-11-01,2023-06-06
NC0392212,held,2022-11-01,2022-11-01,2023-06-06
NC0392213,held,2022-11-01,2022-11-01,2023-06-06
NC0392214,held,2022-11-01,2022-11-01,2023-06-06
NC0392217,held,2022-11-01,2022-11-01,2023-06-06
NC0392218,held,2022-11-01,2022-11-01,2023-06-06
NC0392219,held,2022-11-01,2022-11-01,2023-06-06
NC0392222,held,2022-11-01,2022-11-01,2023-06-06
NC0392223,held,2022-11-01,2022-11-01,2023-06-06
NC0392225,held,2022-11-01,2022-11-01,2023-06-06
NC0392228,held,2022-11-01,2022-11-01,2023-06-06
NC0392229,held,2022-11-01,2022-11-01,2023-06-06
NC0392230,held,2022-11-01,2022-11-01,2023-06-06
NC0392236,held,2022-11-01,2022-11-01,2023-06-06
NC0392247,held,2022-11-01,2022-11-01,2023-06-06
NC0392248,held,2022-11-01,2022-11-01,2023-06-06
NC0392249,held,2022-11-01,2022-11-01,2023-06-06
NC0392250,held,2022-11-01,2022-11-01,2023-06-06
NC0392251,held,2022-11-01,2022-11-01,2023-06-06
NC0392253,held,2022-11-01,2022-11-01,2023-06-06
NC0392257,held,2022-11-01,2022-11-01,2023-06-06
NC0392261,held,2022-11-01,2022-11-01,2023-06-06
NC0392263,held,2022-11-01,2022-11-01,2023-06-06
NC0392264,held,2022-11-01,2022-11-01,2023-06-06
NC0392274,held,2022-11-01,2022-11-01,2023-06-06
NC0392278,held,2022-11-01,2022-11-01,2023-06-06
NC0392280,held,2022-11-01,2022-11-01,2023-06-06
NC0392293,held,2022-11-01,2022-11-01,2023-06-06
NC0392294,held,2022-11-01,2022-11-01,2023-06-06
NC0392297,held,2022-11-01,2022-11-01,2023-06-06
NC0392298,held,2022-11-01,2022-11-01,2023-06-06
NC0392301,held,2022-11-01,2022-11-01,2023-06-06
NC0392303,held,2022-11-01,2022-11-01,2023-06-06
NC0392308,held,2022-11-01,2022-11-01,2023-06-06
NC0392313,held,2022-11-01,2022-11-01,2023-06-06
NC0392314,held,2022-11-01,2022-11-01,2023-06-06
NC0392315,held,2022-11-01,2022-11-01,2023-06-06
NC0392318,held,2022-11-01,2022-11-01,2023-06-06
NC0392320,held,2022-11-01,2022-11-01,2023-06-06
NC0392321,held,2022-11-01,2022-11-01,2023-06-06
NC0392322,held,2022-11-01,2022-11-01,2023-06-06
NC0392323,held,2022-11-01,2022-11-01,2023-06-06
NC0392324,held,2022-11-01,2022-11-01,2023-06-06
NC0392325,held,2022-11-01,2022-11-01,2023-06-06
NC0392330,held,2022-11-01,2022-11-01,2023-06-06
NC0392331,held,2022-11-01,2022-11-01,2023-06-06
NC0392332,held,2022-11-01,2022-11-01,2023-06-06
NC0392333,held,2022-11-01,2022-11-01,2023-06-06
NC0392334,held,2022-11-01,2022-11-01,2023-06-06
NC0392335,held,2022-11-01,2022-11-01,2023-06-06
NC0392336,held,2022-11-01,2022-11-01,2023-06-06
NC0392337,held,2022-11-01,2022-11-01,2023-06-06
NC0392338,held,2022-11-01,2022-11-01,2023-06-06
NC0392340,held,2022-11-01,2022-11-01,2023-06-06
NC0392341,held,2022-11-01,2022-11-01,2023-06-06
NC0392346,held,2022-11-01,2022-11-01,2023-06-06
NC0392347,held,2022-11-01,2022-11-01,2023-06-06
NC0392348,held,2022-11-01,2022-11-01,2023-06-06
NC0392350,held,2022-11-01,2022-11-01,2023-06-06
NC0392351,held,2022-11-01,2022-11-01,2023-06-06
NC0392352,held,2022-11-01,2022-11-01,2023-06-06
NC0392355,held,2022-11-01,2022-11-01,2023-06-06
NC0392356,held,2022-11-01,2022-11-01,2023-06-06
NC0392357,held,2022-11-01,2022-11-01,2023-06-06
NC0392358,held,2022-11-01,2022-11-01,2023-06-06
NC0392361,held,2022-11-01,2022-11-01,2023-06-06
NC0392362,held,2022-11-01,2022-11-01,2023-06-06
NC0392363,held,2022-11-01,2022-11-01,2023-06-06
NC0392364,held,2022-11-01,2022-11-01,2023-06-06
NC0392365,held,2022-11-01,2022-11-01,2023-06-06
NC0392366,held,2022-11-01,2022-11-01,2023-06-06
NC0392371,held,2022-11-01,2022-11-01,2023-06-06
NC0392373,held,2022-11-01,2022-11-01,2023-06-06
NC0392374,held,2022-11-01,2022-11-01,2023-06-06
NC0392375,held,2022-11-01,2022-11-01,2023-06-06
NC0392376,held,2022-11-01,2022-11-01,2023-06-06
NC0392378,held,2022-11-01,2022-11-01,2023-06-06
NC0392379,held,2022-11-01,2022-11-01,2023-06-06
NC0392380,held,2022-11-01,2022-11-01,2023-06-06
NC0392381,held,2022-11-01,2022-11-01,2023-06-06
NC0392383,held,2022-11-01,2022-11-01,2023-06-06
NC0392385,held,2022-11-01,2022-11-01,2023-06-06
NC0392386,held,2022-11-01,2022-11-01,2023-06-06
NC0392387,held,2022-11-01,2022-11-01,2023-06-06
NC0392388,held,2022-11-01,2022-11-01,2023-06-06
NC0392389,held,2022-11-01,2022-11-01,2023-06-06
NC0392394,held,2022-11-01,2022-11-01,2023-06-06
NC0392397,held,2022-11-01,2022-11-01,2023-06-06
NC0392398,held,2022-11-01,2022-11-01,2023-06-06
NC0392399,held,2022-11-01,2022-11-01,2023-06-06
NC0392400,held,2022-11-01,2022-11-01,2023-06-06
NC0407010,held,2022-11-01,2022-11-01,2023-06-06
NC0407015,held,2022-11-01,2022-11-01,2023-06-06
NC0407020,held,2022-11-01,2022-11-01,2023-06-06
NC0407025,held,2022-11-01,2022-11-01,2023-06-06
NC0407030,held,2022-11-01,2022-11-01,2023-06-06
NC0407040,held,2022-11-01,2022-11-01,2023-06-06
NC0408010,held,2022-11-01,2022-11-01,2023-06-06
NC0408015,held,2022-11-01,2022-11-01,2023-06-06
NC0408040,held,2022-11-01,2022-11-01,2023-06-06
NC0408085,held,2022-11-01,2022-11-01,2023-06-06
NC0410010,held,2022-11-01,2022-11-01,2023-06-06
NC0410020,held,2022-11-01,2022-11-01,2023-06-06
NC0410025,held,2022-11-01,2022-11-01,2023-06-06
NC0410035,held,2022-11-01,2022-11-01,2023-06-06
NC0410060,held,2022-11-01,2022-11-01,2023-06-06
NC0410070,held,2022-11-01,2022-11-01,2023-06-06
NC0410130,held,2022-11-01,2022-11-01,2023-06-06
NC0410140,held,2022-11-01,2022-11-01,2023-06-06
NC0415010,held,2022-11-01,2022-11-01,2023-06-06
NC0415015,held,2022-11-01,2022-11-01,2023-06-06
NC0416010,held,2022-11-01,2022-11-01,2023-06-06
NC0416015,held,2022-11-01,2022-11-01,2023-06-06
NC0416020,held,2022-11-01,2022-11-01,2023-06-06
NC0416025,held,2022-11-01,2022-11-01,2023-06-06
NC0416028,held,2022-11-01,2022-11-01,2023-06-06
NC0416031,held,2022-11-01,2022-11-01,2023-06-06
NC0416035,held,2022-11-01,2022-11-01,2023-06-06
NC0416040,held,2022-11-01,2022-11-01,2023-06-06
NC0416101,held,2022-11-01,2022-11-01,2023-06-06
NC0416117,held,2022-11-01,2022-11-01,2023-06-06
NC0416130,held,2022-11-01,2022-11-01,2023-06-06
NC0416160,held,2022-11-01,2022-11-01,2023-06-06
NC0416163,held,2022-11-01,2022-11-01,2023-06-06
NC0416165,held,2022-11-01,2022-11-01,2023-06-06
NC0416166,held,2022-11-01,2022-11-01,2023-06-06
NC0416174,held,2022-11-01,2022-11-01,2023-06-06
NC0416182,held,2022-11-01,2022-11-01,2023-06-06
NC0416187,held,2022-11-01,2022-11-01,2023-06-06
NC0416192,held,2022-11-01,2022-11-01,2023-06-06
NC0416197,held,2022-11-01,2022-11-01,2023-06-06
NC0416198,held,2022-11-01,2022-11-01,2023-06-06
NC0416205,held,2022-11-01,2022-11-01,2023-06-06
NC0416221,held,2022-11-01,2022-11-01,2023-06-06
NC0421010,held,2022-11-01,2022-11-01,2023-06-06
NC0421015,held,2022-11-01,2022-11-01,2023-06-06
NC0424010,held,2022-11-01,2022-11-01,2023-06-06
NC0424015,held,2022-11-01,2022-11-01,2023-06-06
NC0424020,held,2022-11-01,2022-11-01,2023-06-06
NC0424030,held,2022-11-01,2022-11-01,2023-06-06
NC0424040,held,2022-11-01,2022-11-01,2023-06-06
NC0424045,held,2022-11-01,2022-11-01,2023-06-06
NC0424050,held,2022-11-01,2022-11-01,2023-06-06
NC0424055,held,2022-11-01,2022-11-01,2023-06-06
NC0424060,held,2022-11-01,2022-11-01,2023-06-06
NC0424075,held,2022-11-01,2022-11-01,2023-06-06
NC0425015,held,2022-11-01,2022-11-01,2023-06-06
NC0425020,held,2022-11-01,2022-11-01,2023-06-06
NC0425025,held,2022-11-01,2022-11-01,2023-06-06
NC0425035,held,2022-11-01,2022-11-01,2023-06-06
NC0425040,held,2022-11-01,2022-11-01,2023-06-06
NC0425045,held,2022-11-01,2022-11-01,2023-06-06
NC0425113,held,2022-11-01,2022-11-01,2023-06-06
NC0425126,held,2022-11-01,2022-11-01,2023-06-06
NC0425127,held,2022-11-01,2022-11-01,2023-06-06
NC0425132,held,2022-11-01,2022-11-01,2023-06-06
NC0425141,held,2022-11-01,2022-11-01,2023-06-06
NC0427101,held,2022-11-01,2022-11-01,2023-06-06
NC0427103,held,2022-11-01,2022-11-01,2023-06-06
NC0427105,held,2022-11-01,2022-11-01,2023-06-06
NC0427112,held,2022-11-01,2022-11-01,2023-06-06
NC0428010,held,2022-11-01,2022-11-01,2023-06-06
NC0428015,held,2022-11-01,2022-11-01,2023-06-06
NC0428020,held,2022-11-01,2022-11-01,2023-06-06
NC0428025,held,2022-11-01,2022-11-01,2023-06-06
NC0428035,held,2022-11-01,2022-11-01,2023-06-06
NC0431010,held,2022-11-01,2022-11-01,2023-06-06
NC0431015,held,2022-11-01,2022-11-01,2023-06-06
NC0431020,held,2022-11-01,2022-11-01,2023-06-06
NC0431025,held,2022-11-01,2022-11-01,2023-06-06
NC0431030,held,2022-11-01,2022-11-01,2023-06-06
NC0431035,held,2022-11-01,2022-11-01,2023-06-06
NC0431040,held,2022-11-01,2022-11-01,2023-06-06
NC0431044,held,2022-11-01,2022-11-01,2023-06-06
NC0431045,held,2022-11-01,2022-11-01,2023-06-06
NC0431050,held,2022-11-01,2022-11-01,2023-06-06
NC0431060,held,2022-11-01,2022-11-01,2023-06-06
NC0431103,held,2022-11-01,2022-11-01,2023-06-06
NC0433010,held,2022-11-01,2022-11-01,2023-06-06
NC0433015,held,2022-11-01,2022-11-01,2023-06-06
NC0433020,held,2022-11-01,2022-11-01,2023-06-06
NC0433030,held,2022-11-01,2022-11-01,2023-06-06
NC0433040,held,2022-11-01,2022-11-01,2023-06-06
NC0433045,held,2022-11-01,2022-11-01,2023-06-06
NC0433120,held,2022-11-01,2022-11-01,2023-06-06
NC0437020,held,2022-11-01,2022-11-01,2023-06-06
NC0440010,held,2022-11-01,2022-11-01,2023-06-06
NC0440015,held,2022-11-01,2022-11-01,2023-06-06
NC0440020,held,2022-11-01,2022-11-01,2023-06-06
NC0440030,held,2022-11-01,2022-11-01,2023-06-06
NC0440035,held,2022-11-01,2022-11-01,2023-06-06
NC0440105,held,2022-11-01,2022-11-01,2023-06-06
NC0440106,held,2022-11-01,2022-11-01,2023-06-06
NC0442010,held,2022-11-01,2022-11-01,2023-06-06
NC0442015,held,2022-11-01,2022-11-01,2023-06-06
NC0442020,held,2022-11-01,2022-11-01,2023-06-06
NC0442025,held,2022-11-01,2022-11-01,2023-06-06
NC0442028,held,2022-11-01,2022-11-01,2023-06-06
NC0442030,held,2022-11-01,2022-11-01,2023-06-06
NC0442035,held,2022-11-01,2022-11-01,2023-06-06
NC0446010,held,2022-11-01,2022-11-01,2023-06-06
NC0446015,held,2022-11-01,2022-11-01,2023-06-06
NC0446020,held,2022-11-01,2022-11-01,2023-06-06
NC0446025,held,2022-11-01,2022-11-01,2023-06-06
NC0446030,held,2022-11-01,2022-11-01,2023-06-06
NC0446040,held,2022-11-01,2022-11-01,2023-06-06
NC0446045,held,2022-11-01,2022-11-01,2023-06-06
NC0446106,held,2022-11-01,2022-11-01,2023-06-06
NC0448010,held,2022-11-01,2022-11-01,2023-06-06
NC0448020,held,2022-11-01,2022-11-01,2023-06-06
NC0452010,held,2022-11-01,2022-11-01,2023-06-06
NC0452015,held,2022-11-01,2022-11-01,2023-06-06
NC0452020,held,2022-11-01,2022-11-01,2023-06-06
NC0454010,held,2022-11-01,2022-11-01,2023-06-06
NC0454015,held,2022-11-01,2022-11-01,2023-06-06
NC0454020,held,2022-11-01,2022-11-01,2023-06-06
NC0454025,held,2022-11-01,2022-11-01,2023-06-06
NC0454030,held,2022-11-01,2022-11-01,2023-06-06
NC0454109,held,2022-11-01,2022-11-01,2023-06-06
NC0459010,held,2022-11-01,2022-11-01,2023-06-06
NC0459015,held,2022-11-01,2022-11-01,2023-06-06
NC0459025,held,2022-11-01,2022-11-01,2023-06-06
NC0459030,held,2022-11-01,2022-11-01,2023-06-06
NC0459113,held,2022-11-01,2022-11-01,2023-06-06
NC0459114,held,2022-11-01,2022-11-01,2023-06-06
NC0464020,held,2022-11-01,2022-11-01,2023-06-06
NC0464025,held,2022-11-01,2022-11-01,2023-06-06
NC0464035,held,2022-11-01,2022-11-01,2023-06-06
NC0464040,held,2022-11-01,2022-11-01,2023-06-06
NC0464050,held,2022-11-01,2022-11-01,2023-06-06
NC0464101,held,2022-11-01,2022-11-01,2023-06-06
NC0464115,held,2022-11-01,2022-11-01,2023-06-06
NC0464118,held,2022-11-01,2022-11-01,2023-06-06
NC0464131,held,2022-11-01,2022-11-01,2023-06-06
NC0464132,held,2022-11-01,2022-11-01,2023-06-06
NC0464133,held,2022-11-01,2022-11-01,2023-06-06
NC0464317,held,2022-11-01,2022-11-01,2023-06-06
NC0465015,held,2022-11-01,2022-11-01,2023-06-06
NC0465020,held,2022-11-01,2022-11-01,2023-06-06
NC0465025,held,2022-11-01,2022-11-01,2023-06-06
NC0465112,held,2022-11-01,2022-11-01,2023-06-06
NC0465119,held,2022-11-01,2022-11-01,2023-06-06
NC0465121,held,2022-11-01,2022-11-01,2023-06-06
NC0465137,held,2022-11-01,2022-11-01,2023-06-06
NC0465138,held,2022-11-01,2022-11-01,2023-06-06
NC0465164,held,2022-11-01,2022-11-01,2023-06-06
NC0465165,held,2022-11-01,2022-11-01,2023-06-06
NC0465179,held,2022-11-01,2022-11-01,2023-06-06
NC0465195,held,2022-11-01,2022-11-01,2023-06-06
NC0465199,held,2022-11-01,2022-11-01,2023-06-06
NC0465206,held,2022-11-01,2022-11-01,2023-06-06
NC0465211,held,2022-11-01,2022-11-01,2023-06-06
NC0465217,held,2022-11-01,2022-11-01,2023-06-06
NC0466010,held,2022-11-01,2022-11-01,2023-06-06
NC0466015,held,2022-11-01,2022-11-01,2023-06-06
NC0466020,held,2022-11-01,2022-11-01,2023-06-06
NC0466025,held,2022-11-01,2022-11-01,2023-06-06
NC0466035,held,2022-11-01,2022-11-01,2023-06-06
NC0466040,held,2022-11-01,2022-11-01,2023-06-06
NC0466045,held,2022-11-01,2022-11-01,2023-06-06
NC0466108,held,2022-11-01,2022-11-01,2023-06-06
NC0466109,held,2022-11-01,2022-11-01,2023-06-06
NC0466110,held,2022-11-01,2022-11-01,2023-06-06
NC0466113,held,2022-11-01,2022-11-01,2023-06-06
NC0467030,held,2022-11-01,2022-11-01,2023-06-06
NC0467041,held,2022-11-01,2022-11-01,2023-06-06
NC0467042,held,2022-11-01,2022-11-01,2023-06-06
NC0467043,held,2022-11-01,2022-11-01,2023-06-06
NC0467046,held,2022-11-01,2022-11-01,2023-06-06
NC0467102,held,2022-11-01,2022-11-01,2023-06-06
NC0467103,held,2022-11-01,2022-11-01,2023-06-06
NC0467136,held,2022-11-01,2022-11-01,2023-06-06
NC0467164,held,2022-11-01,2022-11-01,2023-06-06
NC0467222,held,2022-11-01,2022-11-01,2023-06-06
NC0467224,held,2022-11-01,2022-11-01,2023-06-06
NC0469020,held,2022-11-01,2022-11-01,2023-06-06
NC0469025,held,2022-11-01,2022-11-01,2023-06-06
NC0470010,held,2022-11-01,2022-11-01,2023-06-06
NC0470015,held,2022-11-01,2022-11-01,2023-06-06
NC0471010,held,2022-11-01,2022-11-01,2023-06-06
NC0471015,held,2022-11-01,2022-11-01,2023-06-06
NC0471020,held,2022-11-01,2022-11-01,2023-06-06
NC0471025,held,2022-11-01,2022-11-01,2023-06-06
NC0471111,held,2022-11-01,2022-11-01,2023-06-06
NC0471114,held,2022-11-01,2022-11-01,2023-06-06
NC0472010,held,2022-11-01,2022-11-01,2023-06-06
NC0472025,held,2022-11-01,2022-11-01,2023-06-06
NC0474020,held,2022-11-01,2022-11-01,2023-06-06
NC0474025,held,2022-11-01,2022-11-01,2023-06-06
NC0474030,held,2022-11-01,2022-11-01,2023-06-06
NC0474035,held,2022-11-01,2022-11-01,2023-06-06
NC0474040,held,2022-11-01,2022-11-01,2023-06-06
NC0474045,held,2022-11-01,2022-11-01,2023-06-06
NC0474050,held,2022-11-01,2022-11-01,2023-06-06
NC0474055,held,2022-11-01,2022-11-01,2023-06-06
NC0474060,held,2022-11-01,2022-11-01,2023-06-06
NC0474110,held,2022-11-01,2022-11-01,2023-06-06
NC0474140,held,2022-11-01,2022-11-01,2023-06-06
NC0474142,held,2022-11-01,2022-11-01,2023-06-06
NC0489010,held,2022-11-01,2022-11-01,2023-06-06
NC0489015,held,2022-11-01,2022-11-01,2023-06-06
NC0494010,held,2022-11-01,2022-11-01,2023-06-06
NC0494015,held,2022-11-01,2022-11-01,2023-06-06
NC0494020,held,2022-11-01,2022-11-01,2023-06-06
NC0494025,held,2022-11-01,2022-11-01,2023-06-06
NC0496015,held,2022-11-01,2022-11-01,2023-06-06
NC0496025,held,2022-11-01,2022-11-01,2023-06-06
NC0496030,held,2022-11-01,2022-11-01,2023-06-06
NC0496045,held,2022-11-01,2022-11-01,2023-06-06
NC0496055,held,2022-11-01,2022-11-01,2023-06-06
NC0496060,held,2022-11-01,2022-11-01,2023-06-06
NC0496155,held,2022-11-01,2022-11-01,2023-06-06
NC0498020,held,2022-11-01,2022-11-01,2023-06-06
NC0498025,held,2022-11-01,2022-11-01,2023-06-06
NC0498030,held,2022-11-01,2022-11-01,2023-06-06
NC0498035,held,2022-11-01,2022-11-01,2023-06-06
NC0498040,held,2022-11-01,2022-11-01,2023-06-06
NC0498045,held,2022-11-01,2022-11-01,2023-06-06
NC1006005,held,2022-11-01,2022-11-01,2023-06-06
NC1011013,held,2022-11-01,2022-11-01,2023-06-06
NC1011035,held,2022-11-01,2022-11-01,2023-06-06
NC1012017,held,2022-11-01,2022-11-01,2023-06-06
NC1014001,held,2022-11-01,2022-11-01,2023-06-06
NC1044004,held,2022-11-01,2022-11-01,2023-06-06
NC1045001,held,2022-11-01,2022-11-01,2023-06-06
NC1045008,held,2022-11-01,2022-11-01,2023-06-06
NC1045015,held,2022-11-01,2022-11-01,2023-06-06
NC1045025,held,2022-11-01,2022-11-01,2023-06-06
NC1045034,held,2022-11-01,2022-11-01,2023-06-06
NC1050030,held,2022-11-01,2022-11-01,2023-06-06
NC1050034,held,2022-11-01,2022-11-01,2023-06-06
NC1050035,held,2022-11-01,2022-11-01,2023-06-06
NC1050042,held,2022-11-01,2022-11-01,2023-06-06
NC1050043,held,2022-11-01,2022-11-01,2023-06-06
NC1050045,held,2022-11-01,2022-11-01,2023-06-06
NC1050057,held,2022-11-01,2022-11-01,2023-06-06
NC1056001,held,2022-11-01,2022-11-01,2023-06-06
NC1056031,held,2022-11-01,2022-11-01,2023-06-06
NC1056032,held,2022-11-01,2022-11-01,2023-06-06
NC1057005,held,2022-11-01,2022-11-01,2023-06-06
NC1057008,held,2022-11-01,2022-11-01,2023-06-06
NC1057013,held,2022-11-01,2022-11-01,2023-06-06
NC1061009,held,2022-11-01,2022-11-01,2023-06-06
NC1075006,held,2022-11-01,2022-11-01,2023-06-06
NC1075010,held,2022-11-01,2022-11-01,2023-06-06
NC1081016,held,2022-11-01,2022-11-01,2023-06-06
NC1081024,held,2022-11-01,2022-11-01,2023-06-06
NC2002001,held,2022-11-01,2022-11-01,2023-06-06
NC2013008,held,2022-11-01,2022-11-01,2023-06-06
NC2013022,held,2022-11-01,2022-11-01,2023-06-06
NC2013026,held,2022-11-01,2022-11-01,2023-06-06
NC2018004,held,2022-11-01,2022-11-01,2023-06-06
NC2018008,held,2022-11-01,2022-11-01,2023-06-06
NC2023003,held,2022-11-01,2022-11-01,2023-06-06
NC2036007,held,2022-11-01,2022-11-01,2023-06-06
NC2036011,held,2022-11-01,2022-11-01,2023-06-06
NC2036014,held,2022-11-01,2022-11-01,2023-06-06
NC2036024,held,2022-11-01,2022-11-01,2023-06-06
NC2036026,held,2022-11-01,2022-11-01,2023-06-06
NC2049001,held,2022-11-01,2022-11-01,2023-06-06
NC2049003,held,2022-11-01,2022-11-01,2023-06-06
NC2049004,held,2022-11-01,2022-11-01,2023-06-06
NC2049006,held,2022-11-01,2022-11-01,2023-06-06
NC2049011,held,2022-11-01,2022-11-01,2023-06-06
NC2049013,held,2022-11-01,2022-11-01,2023-06-06
NC2049015,held,2022-11-01,2022-11-01,2023-06-06
NC2049016,held,2022-11-01,2022-11-01,2023-06-06
NC2049035,held,2022-11-01,2022-11-01,2023-06-06
NC2049042,held,2022-11-01,2022-11-01,2023-06-06
NC2055001,held,2022-11-01,2022-11-01,2023-06-06
NC2060020,held,2022-11-01,2022-11-01,2023-06-06
NC2060054,held,2022-11-01,2022-11-01,2023-06-06
NC2060088,held,2022-11-01,2022-11-01,2023-06-06
NC2060089,held,2022-11-01,2022-11-01,2023-06-06
NC2060093,held,2022-11-01,2022-11-01,2023-06-06
NC2060097,held,2022-11-01,2022-11-01,2023-06-06
NC2084005,held,2022-11-01,2022-11-01,2023-06-06
NC2084006,held,2022-11-01,2022-11-01,2023-06-06
NC2084008,held,2022-11-01,2022-11-01,2023-06-06
NC2084010,held,2022-11-01,2022-11-01,2023-06-06
NC2090010,held,2022-11-01,2022-11-01,2023-06-06
NC3001005,held,2022-11-01,2022-11-01,2023-06-06
NC3001006,held,2022-11-01,2022-11-01,2023-06-06
NC3001008,held,2022-11-01,2022-11-01,2023-06-06
NC3001010,held,2022-11-01,2022-11-01,2023-06-06
NC3041009,held,2022-11-01,2022-11-01,2023-06-06
NC3041010,held,2022-11-01,2022-11-01,2023-06-06
NC3041011,held,2022-11-01,2022-11-01,2023-06-06
NC3041012,held,2022-11-01,2022-11-01,2023-06-06
NC3041020,held,2022-11-01,2022-11-01,2023-06-06
NC3041021,held,2022-11-01,2022-11-01,2023-06-06
NC3041023,held,2022-11-01,2022-11-01,2023-06-06
NC3041033,held,2022-11-01,2022-11-01,2023-06-06
NC3041034,held,2022-11-01,2022-11-01,2023-06-06
NC3041039,held,2022-11-01,2022-11-01,2023-06-06
NC3041042,held,2022-11-01,2022-11-01,2023-06-06
NC3041043,held,2022-11-01,2022-11-01,2023-06-06
NC3041048,held,2022-11-01,2022-11-01,2023-06-06
NC3041050,held,2022-11-01,2022-11-01,2023-06-06
NC3041051,held,2022-11-01,2022-11-01,2023-06-06
NC3041054,held,2022-11-01,2022-11-01,2023-06-06
NC3041055,held,2022-11-01,2022-11-01,2023-06-06
NC3041058,held,2022-11-01,2022-11-01,2023-06-06
NC3041061,held,2022-11-01,2022-11-01,2023-06-06
NC3041062,held,2022-11-01,2022-11-01,2023-06-06
NC3041063,held,2022-11-01,2022-11-01,2023-06-06
NC3041066,held,2022-11-01,2022-11-01,2023-06-06
NC3041067,held,2022-11-01,2022-11-01,2023-06-06
NC3041069,held,2022-11-01,2022-11-01,2023-06-06
NC3041072,held,2022-11-01,2022-11-01,2023-06-06
NC3041081,held,2022-11-01,2022-11-01,2023-06-06
NC3041086,held,2022-11-01,2022-11-01,2023-06-06
NC3041089,held,2022-11-01,2022-11-01,2023-06-06
NC3041097,held,2022-11-01,2022-11-01,2023-06-06
NC3079023,held,2022-11-01,2022-11-01,2023-06-06
NC3079027,held,2022-11-01,2022-11-01,2023-06-06
NC3079031,held,2022-11-01,2022-11-01,2023-06-06
NC3086013,held,2022-11-01,2022-11-01,2023-06-06
NC3095002,held,2022-11-01,2022-11-01,2023-06-06
NC3095004,held,2022-11-01,2022-11-01,2023-06-06
NC3095030,held,2022-11-01,2022-11-01,2023-06-06
NC3099029,held,2022-11-01,2022-11-01,2023-06-06
NC4019004,held,2022-11-01,2022-11-01,2023-06-06
NC4019009,held,2022-11-01,2022-11-01,2023-06-06
NC4019010,held,2022-11-01,2022-11-01,2023-06-06
NC4032015,held,2022-11-01,2022-11-01,2023-06-06
NC4032018,held,2022-11-01,2022-11-01,2023-06-06
NC4035018,held,2022-11-01,2022-11-01,2023-06-06
NC4051006,held,2022-11-01,2022-11-01,2023-06-06
NC4051007,held,2022-11-01,2022-11-01,2023-06-06
NC4051009,held,2022-11-01,2022-11-01,2023-06-06
NC4051012,held,2022-11-01,2022-11-01,2023-06-06
NC4051018,held,2022-11-01,2022-11-01,2023-06-06
NC4051019,held,2022-11-01,2022-11-01,2023-06-06
NC4064005,held,2022-11-01,2022-11-01,2023-06-06
NC4064010,held,2022-11-01,2022-11-01,2023-06-06
NC4064027,held,2022-11-01,2022-11-01,2023-06-06
NC4064035,held,2022-11-01,2022-11-01,2023-06-06
NC4066001,held,2022-11-01,2022-11-01,2023-06-06
NC4068021,held,2022-11-01,2022-11-01,2023-06-06
NC4091008,held,2022-11-01,2022-11-01,2023-06-06
NC4092001,held,2022-11-01,2022-11-01,2023-06-06
NC4092005,held,2022-11-01,2022-11-01,2023-06-06
NC4092006,held,2022-11-01,2022-11-01,2023-06-06
NC4092011,held,2022-11-01,2022-11-01,2023-06-06
NC4092017,held,2022-11-01,2022-11-01,2023-06-06
NC4092020,held,2022-11-01,2022-11-01,2023-06-06
NC4092021,held,2022-11-01,2022-11-01,2023-06-06
NC4092027,held,2022-11-01,2022-11-01,2023-06-06
NC4092028,held,2022-11-01,2022-11-01,2023-06-06
NC4092031,held,2022-11-01,2022-11-01,2023-06-06
NC4092032,held,2022-11-01,2022-11-01,2023-06-06
NC4092033,held,2022-11-01,2022-11-01,2023-06-06
NC4092034,held,2022-11-01,2022-11-01,2023-06-06
NC4092038,held,2022-11-01,2022-11-01,2023-06-06
NC4092039,held,2022-11-01,2022-11-01,2023-06-06
NC4092040,held,2022-11-01,2022-11-01,2023-06-06
NC4092042,held,2022-11-01,2022-11-01,2023-06-06
NC4092043,held,2022-11-01,2022-11-01,2023-06-06
NC4092048,held,2022-11-01,2022-11-01,2023-06-06
NC4092055,held,2022-11-01,2022-11-01,2023-06-06
NC4092056,held,2022-11-01,2022-11-01,2023-06-06
NC4092057,held,2022-11-01,2022-11-01,2023-06-06
NC4092060,held,2022-11-01,2022-11-01,2023-06-06
NC4092061,held,2022-11-01,2022-11-01,2023-06-06
NC4092063,held,2022-11-01,2022-11-01,2023-06-06
NC4092064,held,2022-11-01,2022-11-01,2023-06-06
NC4092065,held,2022-11-01,2022-11-01,2023-06-06
NC4092066,held,2022-11-01,2022-11-01,2023-06-06
NC4092067,held,2022-11-01,2022-11-01,2023-06-06
NC4092068,held,2022-11-01,2022-11-01,2023-06-06
NC4092069,held,2022-11-01,2022-11-01,2023-06-06
NC4092072,held,2022-11-01,2022-11-01,2023-06-06
NC4092073,held,2022-11-01,2022-11-01,2023-06-06
NC4092076,held,2022-11-01,2022-11-01,2023-06-06
NC4092079,held,2022-11-01,2022-11-01,2023-06-06
NC4092080,held,2022-11-01,2022-11-01,2023-06-06
NC4092081,held,2022-11-01,2022-11-01,2023-06-06
NC4092083,held,2022-11-01,2022-11-01,2023-06-06
NC4092084,held,2022-11-01,2022-11-01,2023-06-06
NC4092086,held,2022-11-01,2022-11-01,2023-06-06
NC4092087,held,2022-11-01,2022-11-01,2023-06-06
NC4092089,held,2022-11-01,2022-11-01,2023-06-06
NC4092091,held,2022-11-01,2022-11-01,2023-06-06
NC4092092,held,2022-11-01,2022-11-01,2023-06-06
NC4092094,held,2022-11-01,2022-11-01,2023-06-06
NC4092096,held,2022-11-01,2022-11-01,2023-06-06
NC4092097,held,2022-11-01,2022-11-01,2023-06-06
NC4092098,held,2022-11-01,2022-11-01,2023-06-06
NC4092099,held,2022-11-01,2022-11-01,2023-06-06
NC4092102,held,2022-11-01,2022-11-01,2023-06-06
NC4092103,held,2022-11-01,2022-11-01,2023-06-06
NC4092105,held,2022-11-01,2022-11-01,2023-06-06
NC4092107,held,2022-11-01,2022-11-01,2023-06-06
NC4092110,held,2022-11-01,2022-11-01,2023-06-06
NC4092139,held,2022-11-01,2022-11-01,2023-06-06
NC4092172,held,2022-11-01,2022-11-01,2023-06-06
NC4098012,held,2022-11-01,2022-11-01,2023-06-06
NC4098014,held,2022-11-01,2022-11-01,2023-06-06
NC4392101,held,2022-11-01,2022-11-01,2023-06-06
NC4392102,held,2022-11-01,2022-11-01,2023-06-06
NC4392103,held,2022-11-01,2022-11-01,2023-06-06
NC4392105,held,2022-11-01,2022-11-01,2023-06-06
NC4392107,held,2022-11-01,2022-11-01,2023-06-06
NC4392109,held,2022-11-01,2022-11-01,2023-06-06
NC4392111,held,2022-11-01,2022-11-01,2023-06-06
NC4392112,held,2022-11-01,2022-11-01,2023-06-06
NC4392114,held,2022-11-01,2022-11-01,2023-06-06
NC4392116,held,2022-11-01,2022-11-01,2023-06-06
NC4392117,held,2022-11-01,2022-11-01,2023-06-06
NC4392118,held,2022-11-01,2022-11-01,2023-06-06
NC4392119,held,2022-11-01,2022-11-01,2023-06-06
NC4392120,held,2022-11-01,2022-11-01,2023-06-06
NC4392122,held,2022-11-01,2022-11-01,2023-06-06
NC4392123,held,2022-11-01,2022-11-01,2023-06-06
NC4392124,held,2022-11-01,2022-11-01,2023-06-06
NC4392125,held,2022-11-01,2022-11-01,2023-06-06
NC4392128,held,2022-11-01,2022-11-01,2023-06-06
NC4392129,held,2022-11-01,2022-11-01,2023-06-06
NC4392131,held,2022-11-01,2022-11-01,2023-06-06
NC4392132,held,2022-11-01,2022-11-01,2023-06-06
NC4392133,held,2022-11-01,2022-11-01,2023-06-06
NC4392134,held,2022-11-01,2022-11-01,2023-06-06
NC4392135,held,2022-11-01,2022-11-01,2023-06-06
NC4392139,held,2022-11-01,2022-11-01,2023-06-06
NC4392140,held,2022-11-01,2022-11-01,2023-06-06
NC4392141,held,2022-11-01,2022-11-01,2023-06-06
NC4392142,held,2022-11-01,2022-11-01,2023-06-06
NC4392143,held,2022-11-01,2022-11-01,2023-06-06
NC4392145,held,2022-11-01,2022-11-01,2023-06-06
NC4392146,held,2022-11-01,2022-11-01,2023-06-06
NC4392147,held,2022-11-01,2022-11-01,2023-06-06
NC4392148,held,2022-11-01,2022-11-01,2023-06-06
NC4392150,held,2022-11-01,2022-11-01,2023-06-06
NC4392151,held,2022-11-01,2022-11-01,2023-06-06
NC4392152,held,2022-11-01,2022-11-01,2023-06-06
NC4392153,held,2022-11-01,2022-11-01,2023-06-06
NC4392154,held,2022-11-01,2022-11-01,2023-06-06
NC4392155,held,2022-11-01,2022-11-01,2023-06-06
NC4392156,held,2022-11-01,2022-11-01,2023-06-06
NC4392157,held,2022-11-01,2022-11-01,2023-06-06
NC4392158,held,2022-11-01,2022-11-01,2023-06-06
NC4392159,held,2022-11-01,2022-11-01,2023-06-06
NC4392160,held,2022-11-01,2022-11-01,2023-06-06
NC4392162,held,2022-11-01,2022-11-01,2023-06-06
NC4392163,held,2022-11-01,2022-11-01,2023-06-06
NC4392164,held,2022-11-01,2022-11-01,2023-06-06
NC4392169,held,2022-11-01,2022-11-01,2023-06-06
NC4392172,held,2022-11-01,2022-11-01,2023-06-06
NC4392174,held,2022-11-01,2022-11-01,2023-06-06
NC4392181,held,2022-11-01,2022-11-01,2023-06-06
NC4392182,held,2022-11-01,2022-11-01,2023-06-06
NC4392183,held,2022-11-01,2022-11-01,2023-06-06
NC4392186,held,2022-11-01,2022-11-01,2023-06-06
NC4392187,held,2022-11-01,2022-11-01,2023-06-06
NC4392188,held,2022-11-01,2022-11-01,2023-06-06
NC4392192,held,2022-11-01,2022-11-01,2023-06-06
NC4392195,held,2022-11-01,2022-11-01,2023-06-06
NC4392211,held,2022-11-01,2022-11-01,2023-06-06
NC4392215,held,2022-11-01,2022-11-01,2023-06-06
NC4392216,held,2022-11-01,2022-11-01,2023-06-06
NC4392224,held,2022-11-01,2022-11-01,2023-06-06
NC4392225,held,2022-11-01,2022-11-01,2023-06-06
NC4392228,held,2022-11-01,2022-11-01,2023-06-06
NC4392229,held,2022-11-01,2022-11-01,2023-06-06
NC4392233,held,2022-11-01,2022-11-01,2023-06-06
NC5026018,held,2022-11-01,2022-11-01,2023-06-06
NC5026026,held,2022-11-01,2022-11-01,2023-06-06
NC5026027,held,2022-11-01,2022-11-01,2023-06-06
NC5043001,held,2022-11-01,2022-11-01,2023-06-06
NC5063023,held,2022-11-01,2022-11-01,2023-06-06
NC5078001,held,2022-11-01,2022-11-01,2023-06-06
NC6015004,held,2022-11-01,2022-11-01,2023-06-06
NC6027001,held,2022-11-01,2022-11-01,2023-06-06
NC6027009,held,2022-11-01,2022-11-01,2023-06-06
NC6028002,held,2022-11-01,2022-11-01,2023-06-06
NC6059003,held,2022-11-01,2022-11-01,2023-06-06
NC6059009,held,2022-11-01,2022-11-01,2023-06-06
NC6059012,held,2022-11-01,2022-11-01,2023-06-06
NC6070000,held,2022-11-01,2022-11-01,2023-06-06
NC6070001,held,2022-11-01,2022-11-01,2023-06-06
NC7010054,held,2022-11-01,2022-11-01,2023-06-06
NC7024007,held,2022-11-01,2022-11-01,2023-06-06
NC7024012,held,2022-11-01,2022-11-01,2023-06-06
NC7024013,held,2022-11-01,2022-11-01,2023-06-06
NC7024024,held,2022-11-01,2022-11-01,2023-06-06
NC7065035,held,2022-11-01,2022-11-01,2023-06-06
NC7067005,held,2022-11-01,2022-11-01,2023-06-06
NC7071011,held,2022-11-01,2022-11-01,2023-06-06
NC7071018,held,2022-11-01,2022-11-01,2023-06-06
NC7071022,held,2022-11-01,2022-11-01,2023-06-06
NC7071054,held,2022-11-01,2022-11-01,2023-06-06
NC0105101,processing_error,2022-11-01,2022-11-01,2023-06-06
NC0105102,processing_error,2022-11-01,2022-11-01,2023-06-06
NC0105109,processing_error,2022-11-01,2022-11-01,2023-06-06
NC0106121,processing_error,2022-11-01,2022-11-01,2023-06-06
NC0106123,processing_error,2022-11-01,2022-11-01,2023-06-06
NC0111010,processing_error,2022-11-01,2022-11-01,2023-06-06
NC0112015,processing_error,2022-11-01,2022-11-01,2023-06-06
NC0112149,processing_error,2022-11-01,2022-11-01,2023-06-06
NC0113010,processing_error,2022-11-01,2022-11-01,2023-06-06
NC0113204,processing_error,2022-11-01,2022-11-01,2023-06-06
NC0114466,processing_error,2022-11-01,2022-11-01,2023-06-06
NC0118010,processing_error,2022-11-01,2022-11-01,2023-06-06
NC0118015,processing_error,2022-11-01,2022-11-01,2023-06-06
NC0118281,processing_error,2022-11-01,2022-11-01,2023-06-06
NC0118294,processing_error,2022-11-01,2022-11-01,2023-06-06
NC0118301,processing_error,2022-11-01,2022-11-01,2023-06-06
NC0120115,processing_error,2022-11-01,2022-11-01,2023-06-06
NC0122107,processing_error,2022-11-01,2022-11-01,2023-06-06
NC0122108,processing_error,2022-11-01,2022-11-01,2023-06-06
NC0123055,processing_error,2022-11-01,2022-11-01,2023-06-06
NC0136010,processing_error,2022-11-01,2022-11-01,2023-06-06
NC0136145,processing_error,2022-11-01,2022-11-01,2023-06-06
NC0136150,processing_error,2022-11-01,2022-11-01,2023-06-06
NC0136197,processing_error,2022-11-01,2022-11-01,2023-06-06
NC0136203,processing_error,2022-11-01,2022-11-01,2023-06-06
NC0136235,processing_error,2022-11-01,2022-11-01,2023-06-06
NC0136240,processing_error,2022-11-01,2022-11-01,2023-06-06
NC0136265,processing_error,2022-11-01,2022-11-01,2023-06-06
NC0136280,processing_error,2022-11-01,2022-11-01,2023-06-06
NC0136310,processing_error,2022-11-01,2022-11-01,2023-06-06
NC0136343,processing_error,2022-11-01,2022-11-01,2023-06-06
NC0136369,processing_error,2022-11-01,2022-11-01,2023-06-06
NC0136371,processing_error,2022-11-01,2022-11-01,2023-06-06
NC0136379,processing_error,2022-11-01,2022-11-01,2023-06-06
NC0136382,processing_error,2022-11-01,2022-11-01,2023-06-06
NC0136383,processing_error,2022-11-01,2022-11-01,2023-06-06
NC0136387,processing_error,2022-11-01,2022-11-01,2023-06-06
NC0144127,processing_error,2022-11-01,2022-11-01,2023-06-06
NC0145010,processing_error,2022-11-01,2022-11-01,2023-06-06
NC0149010,processing_error,2022-11-01,2022-11-01,2023-06-06
NC0149015,processing_error,2022-11-01,2022-11-01,2023-06-06
NC0150152,processing_error,2022-11-01,2022-11-01,2023-06-06
NC0150157,processing_error,2022-11-01,2022-11-01,2023-06-06
NC0150178,processing_error,2022-11-01,2022-11-01,2023-06-06
NC0155035,processing_error,2022-11-01,2022-11-01,2023-06-06
NC0156107,processing_error,2022-11-01,2022-11-01,2023-06-06
NC0156112,processing_error,2022-11-01,2022-11-01,2023-06-06
NC0156122,processing_error,2022-11-01,2022-11-01,2023-06-06
NC0156125,processing_error,2022-11-01,2022-11-01,2023-06-06
NC0156126,processing_error,2022-11-01,2022-11-01,2023-06-06
NC0156127,processing_error,2022-11-01,2022-11-01,2023-06-06
NC0160010,processing_error,2022-11-01,2022-11-01,2023-06-06
NC0160211,processing_error,2022-11-01,2022-11-01,2023-06-06
NC0160281,processing_error,2022-11-01,2022-11-01,2023-06-06
NC0180010,processing_error,2022-11-01,2022-11-01,2023-06-06
NC0180065,processing_error,2022-11-01,2022-11-01,2023-06-06
NC0180191,processing_error,2022-11-01,2022-11-01,2023-06-06
NC0180193,processing_error,2022-11-01,2022-11-01,2023-06-06
NC0187124,processing_error,2022-11-01,2022-11-01,2023-06-06
NC0188116,processing_error,2022-11-01,2022-11-01,2023-06-06
NC0188119,processing_error,2022-11-01,2022-11-01,2023-06-06
NC0188126,processing_error,2022-11-01,2022-11-01,2023-06-06
NC0188128,processing_error,2022-11-01,2022-11-01,2023-06-06
NC0188130,processing_error,2022-11-01,2022-11-01,2023-06-06
NC0188131,processing_error,2022-11-01,2022-11-01,2023-06-06
NC0188132,processing_error,2022-11-01,2022-11-01,2023-06-06
NC0188133,processing_error,2022-11-01,2022-11-01,2023-06-06
NC0188135,processing_error,2022-11-01,2022-11-01,2023-06-06
NC0188428,processing_error,2022-11-01,2022-11-01,2023-06-06
NC0188537,processing_error,2022-11-01,2022-11-01,2023-06-06
NC0190010,processing_error,2022-11-01,2022-11-01,2023-06-06
NC0190413,processing_error,2022-11-01,2022-11-01,2023-06-06
NC0195111,processing_error,2022-11-01,2022-11-01,2023-06-06
NC0195162,processing_error,2022-11-01,2022-11-01,2023-06-06
NC0195169,processing_error,2022-11-01,2022-11-01,2023-06-06
NC0195176,processing_error,2022-11-01,2022-11-01,2023-06-06
NC0195440,processing_error,2022-11-01,2022-11-01,2023-06-06
NC0201010,processing_error,2022-11-01,2022-11-01,2023-06-06
NC0201126,processing_error,2022-11-01,2022-11-01,2023-06-06
NC0229010,processing_error,2022-11-01,2022-11-01,2023-06-06
NC0229025,processing_error,2022-11-01,2022-11-01,2023-06-06
NC0230015,processing_error,2022-11-01,2022-11-01,2023-06-06
NC0234010,processing_error,2022-11-01,2022-11-01,2023-06-06
NC0235030,processing_error,2022-11-01,2022-11-01,2023-06-06
NC0235101,processing_error,2022-11-01,2022-11-01,2023-06-06
NC0235102,processing_error,2022-11-01,2022-11-01,2023-06-06
NC0235109,processing_error,2022-11-01,2022-11-01,2023-06-06
NC0235118,processing_error,2022-11-01,2022-11-01,2023-06-06
NC0235123,processing_error,2022-11-01,2022-11-01,2023-06-06
NC0235125,processing_error,2022-11-01,2022-11-01,2023-06-06
NC0235127,processing_error,2022-11-01,2022-11-01,2023-06-06
NC0235131,processing_error,2022-11-01,2022-11-01,2023-06-06
NC0235137,processing_error,2022-11-01,2022-11-01,2023-06-06
NC0239103,processing_error,2022-11-01,2022-11-01,2023-06-06
NC0239104,processing_error,2022-11-01,2022-11-01,2023-06-06
NC0239121,processing_error,2022-11-01,2022-11-01,2023-06-06
NC0239124,processing_error,2022-11-01,2022-11-01,2023-06-06
NC0241010,processing_error,2022-11-01,2022-11-01,2023-06-06
NC0241020,processing_error,2022-11-01,2022-11-01,2023-06-06
NC0241577,processing_error,2022-11-01,2022-11-01,2023-06-06
NC0276010,processing_error,2022-11-01,2022-11-01,2023-06-06
NC0279153,processing_error,2022-11-01,2022-11-01,2023-06-06
NC0279156,processing_error,2022-11-01,2022-11-01,2023-06-06
NC0279159,processing_error,2022-11-01,2022-11-01,2023-06-06
NC0279163,processing_error,2022-11-01,2022-11-01,2023-06-06
NC0279174,processing_error,2022-11-01,2022-11-01,2023-06-06
NC0279410,processing_error,2022-11-01,2022-11-01,2023-06-06
NC0285010,processing_error,2022-11-01,2022-11-01,2023-06-06
NC0285467,processing_error,2022-11-01,2022-11-01,2023-06-06
NC0286106,processing_error,2022-11-01,2022-11-01,2023-06-06
NC0286143,processing_error,2022-11-01,2022-11-01,2023-06-06
NC0286158,processing_error,2022-11-01,2022-11-01,2023-06-06
NC0293015,processing_error,2022-11-01,2022-11-01,2023-06-06
NC0293104,processing_error,2022-11-01,2022-11-01,2023-06-06
NC0293106,processing_error,2022-11-01,2022-11-01,2023-06-06
NC0293112,processing_error,2022-11-01,2022-11-01,2023-06-06
NC0319110,processing_error,2022-11-01,2022-11-01,2023-06-06
NC0319130,processing_error,2022-11-01,2022-11-01,2023-06-06
NC0319431,processing_error,2022-11-01,2022-11-01,2023-06-06
NC0326010,processing_error,2022-11-01,2022-11-01,2023-06-06
NC0326118,processing_error,2022-11-01,2022-11-01,2023-06-06
NC0326310,processing_error,2022-11-01,2022-11-01,2023-06-06
NC0326365,processing_error,2022-11-01,2022-11-01,2023-06-06
NC0332010,processing_error,2022-11-01,2022-11-01,2023-06-06
NC0332130,processing_error,2022-11-01,2022-11-01,2023-06-06
NC0343045,processing_error,2022-11-01,2022-11-01,2023-06-06
NC0347025,processing_error,2022-11-01,2022-11-01,2023-06-06
NC0347108,processing_error,2022-11-01,2022-11-01,2023-06-06
NC0351107,processing_error,2022-11-01,2022-11-01,2023-06-06
NC0351110,processing_error,2022-11-01,2022-11-01,2023-06-06
NC0351115,processing_error,2022-11-01,2022-11-01,2023-06-06
NC0351141,processing_error,2022-11-01,2022-11-01,2023-06-06
NC0351154,processing_error,2022-11-01,2022-11-01,2023-06-06
NC0351165,processing_error,2022-11-01,2022-11-01,2023-06-06
NC0351167,processing_error,2022-11-01,2022-11-01,2023-06-06
NC0351173,processing_error,2022-11-01,2022-11-01,2023-06-06
NC0351177,processing_error,2022-11-01,2022-11-01,2023-06-06
NC0351182,processing_error,2022-11-01,2022-11-01,2023-06-06
NC0351184,processing_error,2022-11-01,2022-11-01,2023-06-06
NC0351185,processing_error,2022-11-01,2022-11-01,2023-06-06
NC0351188,processing_error,2022-11-01,2022-11-01,2023-06-06
NC0351193,processing_error,2022-11-01,2022-11-01,2023-06-06
NC0351194,processing_error,2022-11-01,2022-11-01,2023-06-06
NC0353010,processing_error,2022-11-01,2022-11-01,2023-06-06
NC0362562,processing_error,2022-11-01,2022-11-01,2023-06-06
NC0363554,processing_error,2022-11-01,2022-11-01,2023-06-06
NC0368010,processing_error,2022-11-01,2022-11-01,2023-06-06
NC0368116,processing_error,2022-11-01,2022-11-01,2023-06-06
NC0368118,processing_error,2022-11-01,2022-11-01,2023-06-06
NC0368119,processing_error,2022-11-01,2022-11-01,2023-06-06
NC0368125,processing_error,2022-11-01,2022-11-01,2023-06-06
NC0368144,processing_error,2022-11-01,2022-11-01,2023-06-06
NC0368147,processing_error,2022-11-01,2022-11-01,2023-06-06
NC0368160,processing_error,2022-11-01,2022-11-01,2023-06-06
NC0368162,processing_error,2022-11-01,2022-11-01,2023-06-06
NC0368164,processing_error,2022-11-01,2022-11-01,2023-06-06
NC0368188,processing_error,2022-11-01,2022-11-01,2023-06-06
NC0368189,processing_error,2022-11-01,2022-11-01,2023-06-06
NC0368190,processing_error,2022-11-01,2022-11-01,2023-06-06
NC0377109,processing_error,2022-11-01,2022-11-01,2023-06-06
NC0378055,processing_error,2022-11-01,2022-11-01,2023-06-06
NC0392010,processing_error,2022-11-01,2022-11-01,2023-06-06
NC0392020,processing_error,2022-11-01,2022-11-01,2023-06-06
NC0392045,processing_error,2022-11-01,2022-11-01,2023-06-06
NC0392144,processing_error,2022-11-01,2022-11-01,2023-06-06
NC0392237,processing_error,2022-11-01,2022-11-01,2023-06-06
NC0392311,processing_error,2022-11-01,2022-11-01,2023-06-06
NC0392344,processing_error,2022-11-01,2022-11-01,2023-06-06
NC0392370,processing_error,2022-11-01,2022-11-01,2023-06-06
NC0392395,processing_error,2022-11-01,2022-11-01,2023-06-06
NC0407035,processing_error,2022-11-01,2022-11-01,2023-06-06
NC0407111,processing_error,2022-11-01,2022-11-01,2023-06-06
NC0408055,processing_error,2022-11-01,2022-11-01,2023-06-06
NC0410045,processing_error,2022-11-01,2022-11-01,2023-06-06
NC0416113,processing_error,2022-11-01,2022-11-01,2023-06-06
NC0416140,processing_error,2022-11-01,2022-11-01,2023-06-06
NC0416142,processing_error,2022-11-01,2022-11-01,2023-06-06
NC0416167,processing_error,2022-11-01,2022-11-01,2023-06-06
NC0416172,processing_error,2022-11-01,2022-11-01,2023-06-06
NC0416186,processing_error,2022-11-01,2022-11-01,2023-06-06
NC0424102,processing_error,2022-11-01,2022-11-01,2023-06-06
NC0424463,processing_error,2022-11-01,2022-11-01,2023-06-06
NC0425010,processing_error,2022-11-01,2022-11-01,2023-06-06
NC0425055,processing_error,2022-11-01,2022-11-01,2023-06-06
NC0427010,processing_error,2022-11-01,2022-11-01,2023-06-06
NC0428030,processing_error,2022-11-01,2022-11-01,2023-06-06
NC0431085,processing_error,2022-11-01,2022-11-01,2023-06-06
NC0433050,processing_error,2022-11-01,2022-11-01,2023-06-06
NC0440022,processing_error,2022-11-01,2022-11-01,2023-06-06
NC0442040,processing_error,2022-11-01,2022-11-01,2023-06-06
NC0454127,processing_error,2022-11-01,2022-11-01,2023-06-06
NC0464010,processing_error,2022-11-01,2022-11-01,2023-06-06
NC0464128,processing_error,2022-11-01,2022-11-01,2023-06-06
NC0465010,processing_error,2022-11-01,2022-11-01,2023-06-06
NC0465232,processing_error,2022-11-01,2022-11-01,2023-06-06
NC0467010,processing_error,2022-11-01,2022-11-01,2023-06-06
NC0467035,processing_error,2022-11-01,2022-11-01,2023-06-06
NC0467229,processing_error,2022-11-01,2022-11-01,2023-06-06
NC0471112,processing_error,2022-11-01,2022-11-01,2023-06-06
NC0471113,processing_error,2022-11-01,2022-11-01,2023-06-06
NC0471122,processing_error,2022-11-01,2022-11-01,2023-06-06
NC0472101,processing_error,2022-11-01,2022-11-01,2023-06-06
NC0474010,processing_error,2022-11-01,2022-11-01,2023-06-06
NC0474015,processing_error,2022-11-01,2022-11-01,2023-06-06
NC0496010,processing_error,2022-11-01,2022-11-01,2023-06-06
NC0496065,processing_error,2022-11-01,2022-11-01,2023-06-06
NC0498010,processing_error,2022-11-01,2022-11-01,2023-06-06
NC1011045,processing_error,2022-11-01,2022-11-01,2023-06-06
NC1011055,processing_error,2022-11-01,2022-11-01,2023-06-06
NC1020006,processing_error,2022-11-01,2022-11-01,2023-06-06
NC1045041,processing_error,2022-11-01,2022-11-01,2023-06-06
NC1045043,processing_error,2022-11-01,2022-11-01,2023-06-06
NC1050037,processing_error,2022-11-01,2022-11-01,2023-06-06
NC1050040,processing_error,2022-11-01,2022-11-01,2023-06-06
NC1050069,processing_error,2022-11-01,2022-11-01,2023-06-06
NC1056009,processing_error,2022-11-01,2022-11-01,2023-06-06
NC1056013,processing_error,2022-11-01,2022-11-01,2023-06-06
NC1056029,processing_error,2022-11-01,2022-11-01,2023-06-06
NC1057011,processing_error,2022-11-01,2022-11-01,2023-06-06
NC1057025,processing_error,2022-11-01,2022-11-01,2023-06-06
NC1087004,processing_error,2022-11-01,2022-11-01,2023-06-06
NC1088008,processing_error,2022-11-01,2022-11-01,2023-06-06
NC2049030,processing_error,2022-11-01,2022-11-01,2023-06-06
NC2080082,processing_error,2022-11-01,2022-11-01,2023-06-06
NC3029003,processing_error,2022-11-01,2022-11-01,2023-06-06
NC3034012,processing_error,2022-11-01,2022-11-01,2023-06-06
NC3041015,processing_error,2022-11-01,2022-11-01,2023-06-06
NC3041022,processing_error,2022-11-01,2022-11-01,2023-06-06
NC3041045,processing_error,2022-11-01,2022-11-01,2023-06-06
NC3041060,processing_error,2022-11-01,2022-11-01,2023-06-06
NC3041085,processing_error,2022-11-01,2022-11-01,2023-06-06
NC3041101,processing_error,2022-11-01,2022-11-01,2023-06-06
NC3041103,processing_error,2022-11-01,2022-11-01,2023-06-06
NC3041104,processing_error,2022-11-01,2022-11-01,2023-06-06
NC3041109,processing_error,2022-11-01,2022-11-01,2023-06-06
NC3041113,processing_error,2022-11-01,2022-11-01,2023-06-06
NC3076008,processing_error,2022-11-01,2022-11-01,2023-06-06
NC3076010,processing_error,2022-11-01,2022-11-01,2023-06-06
NC3086036,processing_error,2022-11-01,2022-11-01,2023-06-06
NC3097018,processing_error,2022-11-01,2022-11-01,2023-06-06
NC3099034,processing_error,2022-11-01,2022-11-01,2023-06-06
NC4019015,processing_error,2022-11-01,2022-11-01,2023-06-06
NC4035009,processing_error,2022-11-01,2022-11-01,2023-06-06
NC4035013,processing_error,2022-11-01,2022-11-01,2023-06-06
NC4035014,processing_error,2022-11-01,2022-11-01,2023-06-06
NC4035019,processing_error,2022-11-01,2022-11-01,2023-06-06
NC4051001,processing_error,2022-11-01,2022-11-01,2023-06-06
NC4051002,processing_error,2022-11-01,2022-11-01,2023-06-06
NC4051008,processing_error,2022-11-01,2022-11-01,2023-06-06
NC4051010,processing_error,2022-11-01,2022-11-01,2023-06-06
NC4051014,processing_error,2022-11-01,2022-11-01,2023-06-06
NC4066002,processing_error,2022-11-01,2022-11-01,2023-06-06
NC4066003,processing_error,2022-11-01,2022-11-01,2023-06-06
NC4091010,processing_error,2022-11-01,2022-11-01,2023-06-06
NC4092014,processing_error,2022-11-01,2022-11-01,2023-06-06
NC4092074,processing_error,2022-11-01,2022-11-01,2023-06-06
NC4092085,processing_error,2022-11-01,2022-11-01,2023-06-06
NC4092088,processing_error,2022-11-01,2022-11-01,2023-06-06
NC4092127,processing_error,2022-11-01,2022-11-01,2023-06-06
NC4092128,processing_error,2022-11-01,2022-11-01,2023-06-06
NC4092131,processing_error,2022-11-01,2022-11-01,2023-06-06
NC4092133,processing_error,2022-11-01,2022-11-01,2023-06-06
NC4092134,processing_error,2022-11-01,2022-11-01,2023-06-06
NC4092136,processing_error,2022-11-01,2022-11-01,2023-06-06
NC4092144,processing_error,2022-11-01,2022-11-01,2023-06-06
NC4092145,processing_error,2022-11-01,2022-11-01,2023-06-06
NC4092146,processing_error,2022-11-01,2022-11-01,2023-06-06
NC4092151,processing_error,2022-11-01,2022-11-01,2023-06-06
NC4092153,processing_error,2022-11-01,2022-11-01,2023-06-06
NC4092155,processing_error,2022-11-01,2022-11-01,2023-06-06
NC4092158,processing_error,2022-11-01,2022-11-01,2023-06-06
NC4092160,processing_error,2022-11-01,2022-11-01,2023-06-06
NC4092162,processing_error,2022-11-01,2022-11-01,2023-06-06
NC4092165,processing_error,2022-11-01,2022-11-01,2023-06-06
NC4092166,processing_error,2022-11-01,2022-11-01,2023-06-06
NC4092168,processing_error,2022-11-01,2022-11-01,2023-06-06
NC4092171,processing_error,2022-11-01,2022-11-01,2023-06-06
NC4092174,processing_error,2022-11-01,2022-11-01,2023-06-06
NC4092178,processing_error,2022-11-01,2022-11-01,2023-06-06
NC4092179,processing_error,2022-11-01,2022-11-01,2023-06-06
NC4092180,processing_error,2022-11-01,2022-11-01,2023-06-06
NC4092184,processing_error,2022-11-01,2022-11-01,2023-06-06
NC4093011,processing_error,2022-11-01,2022-11-01,2023-06-06
NC4098019,processing_error,2022-11-01,2022-11-01,2023-06-06
NC5026019,processing_error,2022-11-01,2022-11-01,2023-06-06
NC5043002,processing_error,2022-11-01,2022-11-01,2023-06-06
NC5043003,processing_error,2022-11-01,2022-11-01,2023-06-06
NC5063011,processing_error,2022-11-01,2022-11-01,2023-06-06
NC5063024,processing_error,2022-11-01,2022-11-01,2023-06-06
NC5078006,processing_error,2022-11-01,2022-11-01,2023-06-06
NC5078007,processing_error,2022-11-01,2022-11-01,2023-06-06
NC5082022,processing_error,2022-11-01,2022-11-01,2023-06-06
NC5082023,processing_error,2022-11-01,2022-11-01,2023-06-06
NC5082024,processing_error,2022-11-01,2022-11-01,2023-06-06
NC5082025,processing_error,2022-11-01,2022-11-01,2023-06-06
NC5082026,processing_error,2022-11-01,2022-11-01,2023-06-06
NC5082027,processing_error,2022-11-01,2022-11-01,2023-06-06
NC5082028,processing_error,2022-11-01,2022-11-01,2023-06-06
NC5083003,processing_error,2022-11-01,2022-11-01,2023-06-06
NC5083004,processing_error,2022-11-01,2022-11-01,2023-06-06
NC5083005,processing_error,2022-11-01,2022-11-01,2023-06-06
NC6040000,processing_error,2022-11-01,2022-11-01,2023-06-06
NC6054001,processing_error,2022-11-01,2022-11-01,2023-06-06
NC6059015,processing_error,2022-11-01,2022-11-01,2023-06-06
NC6059018,processing_error,2022-11-01,2022-11-01,2023-06-06
NC6096001,processing_error,2022-11-01,2022-11-01,2023-06-06
NC6096002,processing_error,2022-11-01,2022-11-01,2023-06-06
NC7016013,processing_error,2022-11-01,2022-11-01,2023-06-06
NC0100010,held,2022-11-01,2022-11-01,2023-06-06
NC0100103,held,2022-11-01,2022-11-01,2023-06-06
NC0100105,held,2022-11-01,2022-11-01,2023-06-06
NC0100010,held,2022-11-01,2022-11-01,2023-09-09
NC0100103,held,2022-11-01,2022-11-01,2023-09-09
NC0100105,held,2022-11-01,2022-11-01,2023-09-09
